timestamp,emg1,emg2,emg3,emg4,emg5,emg6,emg7,emg8
1519294750309243,-4,-7,-13,7,5,-1,-2,-2
1519294750309243,-1,1,1,-6,-9,-3,-1,-3
1519294750310245,0,0,-3,-5,-4,-1,0,-1
1519294750310245,2,2,8,11,6,1,0,1
1519294750311248,-3,-2,-6,-28,-10,-5,-2,-5
1519294750311248,-2,-2,-2,11,-2,-2,-4,-3
1519294750314255,2,2,4,-5,4,3,3,5
1519294750314255,-4,-3,-3,23,-5,-4,-2,-4
1519294750320271,2,2,6,48,5,0,-2,0
1519294750320271,1,0,0,-38,-3,1,2,2
1519294750330298,-3,1,2,32,-14,-5,-3,-4
1519294750330298,-2,-2,-7,-20,18,0,-2,-1
1519294750336315,1,3,-5,-35,-8,0,2,0
1519294750336315,0,0,4,10,-2,-1,-1,1
1519294750354362,0,-3,-2,11,0,2,-2,-1
1519294750354362,-1,-1,-2,20,-14,-4,-2,-3
1519294750357370,1,0,8,1,4,2,2,2
1519294750357370,-2,-3,-4,1,11,1,-2,0
1519294750373413,1,0,0,6,3,0,-1,-2
1519294750373413,0,-1,2,-55,-14,-1,-1,-1
1519294750381434,-1,-1,0,2,-4,-1,-1,-1
1519294750381434,0,0,-2,-6,-3,0,0,-3
1519294750387450,0,0,-1,9,13,2,0,0
1519294750387450,1,1,-1,22,3,1,1,1
1519294750435578,2,2,5,-1,6,3,3,3
1519294750435578,-4,-3,-3,72,-1,-4,-3,-2
1519294750435578,-2,-2,-24,-96,-7,-2,-3,-2
1519294750435578,-2,-2,0,13,-10,-1,-3,-2
1519294750437584,1,1,4,6,-6,0,0,2
1519294750437584,-1,-2,-2,-6,4,-2,-2,-1
1519294750440591,0,-1,3,24,2,0,0,-1
1519294750440591,1,2,4,-5,8,3,3,2
1519294750447610,-4,-5,-10,-35,-3,-3,-3,-4
1519294750447610,2,2,2,-19,-1,0,1,2
1519294750456634,1,2,3,1,1,0,0,-1
1519294750456634,0,-1,-1,-2,-4,-2,-2,-1
1519294750463652,0,-1,1,15,1,0,-2,-2
1519294750463652,0,0,0,-7,0,2,0,1
1519294750477691,-1,-2,3,5,-1,-1,-1,-1
1519294750477691,0,0,-3,-7,1,-3,0,-2
1519294750484760,-1,0,2,34,-1,-3,-2,-3
1519294750484760,0,-1,-6,-70,-1,0,-1,-1
1519294750499749,-3,-2,1,15,-17,-2,-2,-2
1519294750499749,-2,0,-2,16,13,1,1,1
1519294750508773,1,0,-1,1,2,3,3,2
1519294750508773,-2,-2,10,12,-1,-3,-2,-1
1519294750516795,-1,0,1,-28,3,0,0,0
1519294750516795,2,-2,-12,-23,-3,-1,-1,-1
1519294750522810,-1,-1,-2,32,-1,-3,-2,-3
1519294750522810,0,2,1,-31,-24,-1,3,2
1519294750537879,-1,-1,4,12,9,-2,-2,0
1519294750537879,0,0,5,26,-2,-1,-2,-1
1519294750544869,-2,-2,-5,-21,7,-1,-1,0
1519294750544869,-1,-2,1,56,10,1,-2,-1
1519294750561915,0,1,-2,-5,-4,2,-1,1
1519294750561915,-2,-3,-3,-12,-5,-2,-4,-2
1519294750567932,-1,1,0,11,-8,-2,-2,0
1519294750567932,0,1,0,-1,-2,-1,-2,-1
1519294750576955,0,-1,5,24,6,-1,0,-1
1519294750576955,-2,-3,-16,-59,-4,0,-1,-1
1519294750583009,0,-2,0,-23,-4,-2,0,0
1519294750583009,0,-2,-2,7,7,-1,0,-2
1519294750598037,0,-1,1,30,-6,-3,-2,0
1519294750598037,-1,1,6,15,0,-1,0,-2
1519294750605030,-2,-1,-5,-67,1,1,-2,-2
1519294750605030,-1,0,-6,-6,3,0,-1,-1
1519294750620069,-1,0,2,9,-3,-2,0,-1
1519294750620069,0,0,4,30,-9,-1,0,1
1519294750627088,0,1,-1,-4,1,-1,0,-2
1519294750627088,-1,-3,-5,37,-3,1,0,0
1519294750636139,0,-1,1,-8,16,2,-1,0
1519294750636139,-1,1,5,21,-7,-2,-1,-1
1519294750642128,0,1,1,-4,-5,0,0,-1
1519294750642128,0,-1,1,-10,-3,-1,-2,-1
1519294750657168,1,1,-1,-5,-7,1,1,1
1519294750657168,-2,-2,-2,-16,11,-2,-1,0
1519294750665228,-1,1,-2,10,1,-1,-1,0
1519294750665228,1,1,1,4,-6,-2,-1,0
1519294750680265,-2,-1,-2,12,-1,-2,-1,0
1519294750680265,0,2,6,9,-1,2,0,-1
1519294750687299,2,0,0,-15,0,0,0,0
1519294750687299,-4,-4,-11,-8,3,-2,-1,-2
1519294750696271,1,1,4,-6,0,-1,1,0
1519294750696271,-1,-2,-3,11,2,0,-1,0
1519294750702344,0,1,3,28,1,0,-1,1
1519294750702344,-1,2,1,-33,-13,-3,-2,-1
1519294750717327,1,1,1,50,13,3,-1,-1
1519294750717327,0,2,-5,-67,1,2,0,0
1519294750725351,0,-2,-2,2,1,0,0,-1
1519294750725351,0,2,2,6,0,1,-1,0
1519294750740390,0,-1,-3,-2,-8,-1,-1,0
1519294750740390,-1,-1,4,21,6,-1,0,-1
1519294750747407,-2,-1,0,1,-1,-2,-1,-1
1519294750747407,1,-2,-12,-18,-8,-1,0,0
1519294750764455,-1,1,1,22,5,-3,0,-1
1519294750764455,-2,-3,-6,-4,2,-2,-1,-2
1519294750765458,0,0,3,-12,-9,-1,0,2
1519294750765458,1,1,6,-12,5,2,1,2
1519294750777501,-1,-3,-5,25,-4,-2,0,-1
1519294750777501,0,0,3,10,0,-2,-1,0
1519294750785538,-2,1,-1,51,14,2,1,0
1519294750785538,-2,-2,1,-82,0,-2,-1,-2
1519294750800551,0,3,5,16,1,0,0,1
1519294750800551,-2,0,-4,6,-8,0,-1,-1
1519294750807569,-2,-2,3,31,-2,-1,0,0
1519294750807569,0,0,-4,-15,-8,0,-1,0
1519294750816598,-1,0,4,-7,7,2,-1,-1
1519294750816598,0,-3,-15,-22,-2,-4,-2,0
1519294750830629,-1,1,3,5,-2,-3,-2,-2
1519294750830629,0,0,4,24,-7,2,1,1
1519294750837647,1,1,1,4,-1,-1,1,-2
1519294750837647,-1,-3,-1,-43,-1,0,-1,-1
1519294750844667,0,0,-2,-19,7,0,0,0
1519294750844667,0,-2,1,18,1,-2,-1,0
1519294750859757,-2,-3,-3,-19,-21,-2,0,-2
1519294750859757,0,4,4,21,11,3,2,1
1519294750867765,-3,-3,-3,-6,1,-2,-3,-3
1519294750867765,0,1,1,-15,8,1,0,0
1519294750876757,-2,-3,-1,8,-7,-1,-4,-1
1519294750876757,0,-2,0,4,-4,1,2,2
1519294750890836,1,1,4,7,-8,-1,0,0
1519294750890836,-2,-2,-4,9,11,-1,-1,-1
1519294750897809,-1,0,-5,-51,-3,-1,0,1
1519294750897809,-1,1,4,-1,-8,-3,-1,0
1519294750904874,1,-3,-7,30,-1,-1,-1,0
1519294750904874,0,-3,-4,-31,3,1,1,-1
1519294750919897,0,-1,-3,-13,0,-2,-1,1
1519294750919897,1,-1,5,13,-4,1,1,1
1519294750927888,-2,-4,-3,-59,-6,-3,-2,-1
1519294750927888,-1,1,1,26,7,-2,-2,-2
1519294750936925,0,1,-2,-12,6,0,0,1
1519294750936925,-2,-2,0,7,-5,-1,0,-1
1519294750950951,-1,0,-3,-19,-3,-1,0,0
1519294750950951,-1,-1,1,23,-6,0,-1,0
1519294750957986,-1,-3,1,-11,-3,-2,-3,-1
1519294750957986,0,-2,0,21,-2,2,-2,-2
1519294750965025,0,2,0,17,-3,0,1,-2
1519294750965025,-2,0,9,-21,12,-2,-2,-3
1519294750980063,-1,-2,-16,-58,-5,0,0,-1
1519294750980063,1,-1,3,12,1,1,-1,0
1519294750987045,0,-1,-1,26,-2,1,1,1
1519294750987045,-1,-1,-3,23,-11,-2,-2,-1
1519294750996079,2,1,5,0,5,-1,1,1
1519294750996079,-1,2,7,1,19,3,1,1
1519294751011109,-4,-2,-5,-17,0,0,-3,0
1519294751011109,-1,1,6,75,6,2,2,0
1519294751017125,-1,-3,-8,-74,-13,-2,-2,-2
1519294751017125,0,-2,2,3,-7,-4,-4,-1
1519294751025146,-2,1,7,17,7,-1,-1,-1
1519294751025146,-1,-1,-3,-2,-4,2,0,1
1519294751040235,-1,-1,1,31,1,1,0,1
1519294751040235,-1,0,-5,-4,-4,-3,0,0
1519294751047205,1,-1,-3,-51,4,0,1,-1
1519294751047205,1,0,1,67,-3,-1,-2,-2
1519294751056277,0,1,2,-1,0,1,-2,0
1519294751056277,1,3,0,22,2,1,-1,1
1519294751070297,-2,-2,-1,33,-4,-2,-1,-2
1519294751070297,-1,-2,-1,-69,3,-1,0,-1
1519294751077285,-1,-1,-4,18,-12,-3,1,-3
1519294751077285,-1,-1,-1,-2,3,-1,0,-1
1519294751085531,0,0,0,-4,7,1,2,2
1519294751085531,-3,-4,-3,7,4,-5,-4,-3
1519294751100641,0,-1,2,15,5,1,1,2
1519294751100641,2,1,-4,-17,-11,0,-1,-1
1519294751107659,-1,-1,2,0,-12,-1,-2,0
1519294751107659,1,0,-6,-3,4,3,1,1
1519294751116681,-3,1,3,22,1,-3,-4,-2
1519294751116681,-1,0,2,17,-3,-1,-1,-2
1519294751130759,0,-2,-2,0,8,2,1,-1
1519294751130759,0,1,3,-8,-9,0,3,0
1519294751137979,-1,0,-5,6,0,0,2,1
1519294751137979,-2,-2,-1,-16,6,-3,-2,-2
1519294751144763,-1,0,5,5,0,1,-1,-2
1519294751144763,-1,0,-1,6,-10,-2,-2,0
1519294751159797,-1,-2,-9,-11,21,4,0,0
1519294751159797,-1,2,6,16,6,0,-2,0
1519294751168066,0,-1,-9,-68,-4,-3,-2,-2
1519294751168066,-2,0,2,0,-4,0,0,0
1519294751176842,0,0,3,13,-7,-3,0,-2
1519294751176842,0,-1,-2,2,-4,2,2,-1
1519294751190883,-1,0,-3,17,-2,0,-1,1
1519294751190883,0,0,0,15,-2,-2,-2,-2
1519294751198185,-1,-2,-1,-56,-8,-3,-3,-1
1519294751198185,-1,0,-1,-20,1,2,0,0
1519294751204917,-1,-3,0,26,5,-3,-3,-2
1519294751204917,1,-1,-4,-21,-3,-1,0,1
1519294751220330,2,1,5,25,-4,2,1,1
1519294751220330,-3,-4,-2,1,12,0,-3,0
1519294751227231,0,2,4,22,-8,2,-1,0
1519294751227231,-1,-2,-5,-68,4,-2,-2,-1
1519294751236529,0,-1,-5,1,-4,-2,-2,-1
1519294751236529,-3,-2,-2,4,-13,-4,-1,-2
1519294751251326,1,-3,1,1,5,0,1,1
1519294751251326,1,2,4,23,7,5,3,3
1519294751257567,-4,-1,-3,-34,-8,-5,1,-4
1519294751257567,1,1,0,-7,7,1,0,1
1519294751265336,1,-1,-1,12,-4,-1,-1,0
1519294751265336,-2,-1,1,21,-6,-3,-1,-2
1519294751280392,1,1,2,1,1,0,1,2
1519294751280392,-1,-3,-2,20,-5,-3,-2,-3
1519294751287416,-1,-1,2,-5,18,1,0,-2
1519294751287416,-1,1,-4,-13,0,-1,0,-1
1519294751302461,-1,-2,5,28,2,1,-1,-1
1519294751302461,1,0,-6,-18,-9,-1,1,1
1519294751310483,-1,0,-2,-1,-11,-2,-1,0
1519294751310483,0,-2,-1,21,10,1,0,-1
1519294751317502,0,0,-1,-20,-1,0,0,0
1519294751317502,-1,0,-2,6,-5,-4,-1,-2
1519294751324776,-1,1,-2,14,-5,1,2,1
1519294751324776,-1,-1,2,1,4,-2,-1,0
1519294751340564,1,0,2,37,2,1,1,1
1519294751340564,0,-3,-5,-11,-1,0,-1,-3
1519294751347582,0,1,1,-3,6,1,1,1
1519294751347582,0,-2,0,9,-4,0,-1,-1
1519294751362622,-2,0,5,14,2,-3,-4,-3
1519294751362622,0,-1,-3,-13,-6,-1,1,-1
1519294751370704,0,2,-6,-20,-5,-2,1,0
1519294751370704,0,-1,4,38,10,1,0,0
1519294751377663,0,-1,-6,-35,3,-1,1,1
1519294751377663,-2,0,-2,-6,8,3,0,-1
1519294751385744,0,-1,-3,-6,-22,-3,0,0
1519294751385744,0,-1,1,-20,-2,-1,-2,-1
1519294751399974,-1,0,-2,27,-3,-2,-2,-3
1519294751399974,0,1,2,-18,4,1,2,2
1519294751407742,-1,-2,-4,2,-3,0,0,-2
1519294751407742,0,2,-3,-3,0,0,0,-1
1519294751422782,1,0,2,7,4,1,1,2
1519294751422782,-2,-2,-1,-6,-3,-1,-2,0
1519294751431059,-1,-1,2,7,0,0,-2,-1
1519294751431059,-1,-2,-3,0,-9,-2,0,0
1519294751445842,-1,-1,-2,20,8,-2,-1,-2
1519294751445842,-1,0,-1,46,8,1,-1,-1
1519294751446847,-2,-2,-5,-63,-4,-2,0,-1
1519294751446847,-3,-3,0,29,1,-3,-3,-2
1519294751461225,-2,-2,-1,-16,-6,0,0,-1
1519294751461225,0,-1,3,1,-12,-1,0,1
1519294751467476,1,-1,3,30,9,1,2,-1
1519294751467476,-2,-4,-12,-70,-14,-3,-2,-4
1519294751482256,1,2,3,24,8,2,0,0
1519294751482256,0,0,-9,-23,1,-1,-3,0
1519294751490314,-1,-2,1,-10,0,-2,-2,-1
1519294751490314,1,1,2,15,-6,1,2,2
1519294751505318,-2,-5,-7,-28,3,-1,0,0
1519294751505318,2,1,7,47,-13,-2,1,-1
1519294751506317,-1,-1,1,-2,13,0,-2,-2
1519294751506317,-1,1,-1,-2,4,-1,0,-2
1519294751520355,0,0,1,8,1,-1,-1,1
1519294751520355,-2,-2,1,-6,-3,-1,0,-2
1519294751527373,0,3,5,25,-8,0,0,2
1519294751527373,0,-2,-2,12,3,-1,0,-1
1519294751542416,-2,-1,0,3,0,0,0,-1
1519294751542416,-2,-2,-5,-54,-10,-1,-2,-2
1519294751551437,0,-3,-2,43,6,-2,-1,-2
1519294751551437,0,-1,1,-66,-2,2,0,2
1519294751565476,-1,-4,-9,30,-11,-3,-3,-1
1519294751565476,-2,-3,3,-5,4,-2,-2,-1
1519294751566489,0,-1,-3,12,1,-1,-2,-2
1519294751566489,-1,0,0,33,-2,-3,-2,-3
1519294751579734,-1,2,1,-32,-11,-1,-1,0
1519294751579734,0,-1,2,13,2,1,1,1
1519294751587563,-2,-2,-4,6,3,-3,-2,-2
1519294751587563,1,-1,3,30,9,3,-1,0
1519294751602622,-2,-2,-4,-24,-7,-1,-2,-2
1519294751602622,1,1,0,13,5,2,1,2
1519294751610635,-2,-1,-4,-24,-6,-1,1,-1
1519294751610635,-1,-1,-3,-2,-13,-3,-2,-1
1519294751626026,-1,1,2,52,10,0,0,0
1519294751626026,-3,-2,-6,-64,-7,-3,-2,-3
1519294751626677,0,-1,0,-12,-1,-1,-1,0
1519294751626677,-1,-1,-2,-4,-4,-1,2,2
1519294751640091,1,-2,-1,0,-1,-1,-1,-1
1519294751640091,-1,-1,0,15,-1,0,-1,-1
1519294751647904,-1,0,-2,11,11,0,-2,0
1519294751647904,-3,1,2,50,6,1,-1,-2
1519294751662849,0,-1,-1,-5,0,0,-1,0
1519294751662849,1,1,1,-10,-2,-1,-1,1
1519294751671048,2,-2,4,38,-6,2,0,1
1519294751671048,-1,-2,-13,-77,-5,-1,-2,-1
1519294751686090,1,2,7,14,-7,-3,-1,-1
1519294751686090,-2,-2,1,34,10,-3,-3,-3
1519294751686837,-3,-1,-5,-25,-9,-3,-1,-1
1519294751686837,0,0,4,45,5,1,1,0
1519294751700132,-1,0,-2,-3,3,1,0,1
1519294751700132,-2,-1,2,-8,-3,-1,0,-2
1519294751707893,-1,0,-7,-20,-9,-2,-1,-1
1519294751707893,-1,-2,-2,-15,10,-1,0,-1
1519294751722966,-1,0,-2,-21,-3,0,0,-1
1519294751722966,0,-2,-2,26,0,-2,-2,-1
1519294751739003,0,-1,0,-11,0,2,-1,-2
1519294751739003,0,2,0,-2,-21,-2,1,1
1519294751744992,-2,-3,-2,30,21,-1,-2,-2
1519294751744992,0,0,-4,-47,0,1,1,1
1519294751753014,-1,-2,2,-13,-3,-1,-1,0
1519294751753014,-2,-2,-6,-16,-6,0,-2,-1
1519294751760031,-4,-1,1,-7,-3,1,-1,0
1519294751760031,0,0,1,22,-6,-2,-1,-1
1519294751768053,-1,0,0,0,-1,-1,-2,0
1519294751768053,0,0,0,1,0,-2,-1,-2
1519294751782316,0,0,1,6,0,0,-2,0
1519294751782316,-2,0,-1,-7,2,1,-1,1
1519294751791115,-1,-2,-2,-20,-17,-3,-2,-2
1519294751791115,-1,0,4,54,23,3,0,2
1519294751805432,-1,1,1,-67,0,-1,-1,-1
1519294751805432,1,1,7,40,-22,-3,0,0
1519294751813177,-1,1,-11,-21,14,-1,-2,0
1519294751813177,-2,-4,-17,-34,-10,-2,-1,-2
1519294751820194,-1,1,5,2,-3,-1,1,1
1519294751820194,-1,-2,-2,16,14,0,-1,0
1519294751827210,-1,0,4,-17,1,2,0,1
1519294751827210,2,2,6,1,-5,-1,-1,0
1519294751843444,-2,-4,-2,28,-5,-4,-2,-1
1519294751843444,0,0,-1,15,-1,1,0,0
1519294751851276,1,0,0,-7,-2,-1,0,0
1519294751851276,-2,-4,-2,-12,11,1,-1,-1
1519294751865568,2,2,3,-19,-12,1,0,1
1519294751865568,1,1,3,28,6,-1,-2,0
1519294751873333,-1,1,-2,-25,-1,0,0,-1
1519294751873333,-1,0,3,56,-3,-1,-3,1
1519294751880356,-1,-1,0,-19,6,-1,-2,-2
1519294751880356,0,1,-2,-22,2,-2,0,-1
1519294751896435,-1,-3,-4,17,0,-3,-1,-1
1519294751896435,0,2,5,-20,11,0,1,0
1519294751902410,1,1,-5,10,-1,2,2,1
1519294751902410,-3,-4,-1,13,-1,-4,-3,-1
1519294751910432,1,1,5,19,-1,-1,-1,-1
1519294751910432,-1,-1,3,43,-3,0,1,1
1519294751925743,-2,-3,-9,-77,4,-2,-2,-2
1519294751925743,0,2,-4,-28,-19,-2,-1,-1
1519294751933121,-1,1,5,40,-9,-1,0,0
1519294751933121,0,-1,-4,-17,15,2,0,1
1519294751948937,-3,-3,-2,-30,3,0,0,-3
1519294751948937,0,-2,2,6,-24,-3,1,-2
1519294751948937,1,0,8,36,12,-1,-1,-1
1519294751948937,-1,0,-8,6,0,-1,0,-2
1519294751962940,0,-1,-2,17,0,0,0,2
1519294751962940,-1,-2,-3,-13,7,2,-1,1
1519294751970963,-3,-1,-4,-14,-6,-1,0,-2
1519294751970963,-1,-3,3,-6,-7,-1,0,-2
1519294751994024,1,0,-4,19,-2,0,0,1
1519294751994024,-1,0,-2,-11,5,1,0,-1
1519294751995027,0,-2,7,25,3,-1,-2,-1
1519294751995027,0,-2,-9,-67,-3,-1,0,-2
1519294752008304,0,1,6,35,-6,-1,-1,0
1519294752008304,-1,-3,-9,-11,1,-2,-2,-1
1519294752016085,3,1,4,40,8,5,2,2
1519294752016085,-1,1,1,-32,-20,-6,-3,0
1519294752022385,-3,1,11,39,20,1,-1,-1
1519294752022385,-2,0,-7,-13,2,-5,-2,-3
1519294752031482,-3,0,-5,-29,-3,1,1,0
1519294752031482,-1,-1,7,13,-7,0,-1,-1
1519294752045738,0,-2,-1,44,-7,-3,-2,-3
1519294752045738,-1,-4,-9,-21,4,1,3,1
1519294752053473,0,2,7,-28,0,-2,-3,-2
1519294752053473,-1,-4,-13,-5,-10,-7,-5,-4
1519294752068644,1,-1,6,17,4,4,3,2
1519294752068644,0,3,11,10,7,3,1,-1
1519294752069649,-1,-4,-12,-21,-10,-3,-2,0
1519294752069649,-2,2,1,-3,9,3,0,0
1519294752082925,-1,-1,-2,37,0,-6,-5,-1
1519294752082925,2,3,2,-75,-2,2,0,0
1519294752090936,-3,-6,-12,-10,11,1,2,-3
1519294752090936,0,0,5,35,7,-2,-1,1
1519294752105263,1,1,-3,-45,-24,2,1,0
1519294752105263,-2,6,11,53,9,-2,-3,-2
1519294752113331,0,-4,-8,-23,-9,-4,-1,-1
1519294752113331,2,3,2,6,1,2,0,-1
1519294752128121,-1,-1,-1,0,-12,-1,2,-2
1519294752128121,-2,-2,15,-8,3,-1,-2,-1
1519294752129088,-3,3,-7,-4,5,-2,-2,-1
1519294752129088,-3,-6,14,-13,-14,-8,-4,-3
1519294752143314,0,3,-2,-17,3,2,3,1
1519294752143314,0,-7,-12,10,-4,2,2,0
1519294752150483,0,-3,0,4,2,3,2,2
1519294752150483,0,1,-3,-26,-15,-3,0,1
1519294752165486,3,6,6,-1,17,5,2,3
1519294752165486,3,1,12,50,6,-2,0,0
1519294752173504,-2,-1,-10,-37,-1,-3,-2,-2
1519294752173504,-2,-2,-1,-11,15,3,1,-1
1519294752188545,-6,-13,-6,13,-15,-2,-4,-3
1519294752188545,-10,-3,-14,6,11,-1,-2,-4
1519294752188545,10,1,11,19,-3,-1,0,4
1519294752188545,0,4,-6,-2,-4,-2,1,0
1519294752202819,0,-3,-10,-34,-6,-6,-5,-4
1519294752202819,-4,-5,-3,7,0,1,1,-1
1519294752210659,-6,0,2,5,-2,-1,-1,-2
1519294752210659,1,1,-2,-3,3,3,1,1
1519294752225807,-2,1,-3,1,2,-3,-2,-1
1519294752225807,4,0,-16,-7,-3,1,0,0
1519294752233763,-2,2,0,-1,0,0,-1,-1
1519294752233763,1,0,6,15,0,1,-2,-1
1519294752248742,-2,-3,-13,4,3,0,0,-1
1519294752248742,-2,0,11,-20,-4,0,-1,1
1519294752249738,-1,-2,-7,-6,-10,-2,-2,-2
1519294752249738,-1,-1,7,19,-11,-2,-1,-1
1519294752262742,2,1,-5,1,34,8,1,-1
1519294752262742,1,-1,-6,-39,-15,-5,-2,1
1519294752270824,-1,-2,-10,-4,3,1,-2,-1
1519294752270824,0,0,6,15,-2,-1,1,-1
1519294752284869,1,0,5,2,-7,-2,1,0
1519294752284869,2,0,-14,5,3,-1,0,-2
1519294752292891,-2,1,6,4,-6,0,1,0
1519294752292891,-2,-2,-5,-5,5,-2,-1,-1
1519294752308623,1,0,2,-3,-5,-3,-3,2
1519294752308623,0,-5,2,5,0,2,1,-1
1519294752309283,-3,-1,11,12,-4,-1,-1,0
1519294752309283,0,-4,-8,-7,7,2,2,2
1519294752323363,-2,-1,-6,-3,-5,-2,-2,-1
1519294752323363,0,1,5,8,0,2,1,0
1519294752330662,4,-2,4,8,4,-1,-2,-1
1519294752330662,-2,-5,-10,-20,0,3,0,-1
1519294752345508,-3,4,17,14,-8,-3,-3,-2
1519294752345508,5,2,-4,27,-2,-3,4,2
1519294752353701,-17,0,9,-8,4,0,-6,-5
1519294752353701,-1,4,0,-21,-4,0,-10,-1
1519294752376559,-1,-4,-7,-16,-5,-2,3,-1
1519294752376559,1,1,4,7,3,0,-4,0
1519294752377560,1,-4,-19,-4,-2,-2,2,0
1519294752377560,1,4,10,-5,0,-1,-1,0
1519294752382576,-5,-9,-8,8,-4,-2,-5,-2
1519294752382576,-3,3,6,-5,-1,-1,2,-1
1519294752390889,3,-1,-3,0,1,0,0,0
1519294752390889,-4,-4,-5,0,0,-1,-1,-2
1519294752405643,3,5,3,-4,-8,-1,1,1
1519294752405643,-6,-14,-7,4,12,2,-6,-5
1519294752414033,-1,1,4,2,-2,0,8,0
1519294752414033,6,-2,-3,5,0,1,0,-1
1519294752428084,-6,-1,6,-1,1,0,0,-3
1519294752428084,3,7,-3,0,-6,-2,0,2
1519294752429078,-1,-3,-3,0,2,0,-14,-2
1519294752429078,-1,-5,-9,12,1,-1,7,0
1519294752443442,1,0,7,-16,-2,-2,-11,0
1519294752443442,-3,-3,-17,-16,-4,1,10,0
1519294752451129,3,-1,8,4,2,0,10,0
1519294752451129,2,-1,-11,15,-3,0,-6,-1
1519294752465531,2,6,-8,-14,-2,-3,-11,-2
1519294752465531,0,1,4,-2,1,-3,-2,-1
1519294752473222,1,3,9,12,-1,-1,1,-1
1519294752473222,-1,-4,-3,2,5,-1,5,2
1519294752487858,1,-5,-2,-4,0,-3,8,4
1519294752487858,4,1,-6,-5,-2,-1,-5,-2
1519294752488882,-1,-8,2,-4,-3,0,2,1
1519294752488882,-3,6,5,-2,-1,-1,-4,-1
1519294752503132,-1,-1,1,6,2,-1,1,-2
1519294752503132,1,-1,-1,12,-4,-1,1,-1
1519294752510923,-2,0,-7,-9,-2,0,-4,-2
1519294752510923,-5,0,16,21,1,0,-5,-1
1519294752525318,3,-9,-19,-2,0,1,7,2
1519294752525318,-12,-2,-1,-41,-2,-3,-2,-2
1519294752532980,-5,2,-2,3,0,-3,0,-1
1519294752532980,0,-4,1,-8,-1,-1,-2,-2
1519294752548252,3,1,2,13,-1,2,4,1
1519294752548252,2,-2,8,-3,-4,2,-1,1
1519294752549036,3,5,7,2,4,-1,-1,1
1519294752549036,0,-3,-29,-7,4,0,1,-1
1519294752562062,-3,3,2,13,3,-2,-4,-3
1519294752562062,4,6,0,-25,-4,-1,-3,1
1519294752571323,1,-2,-18,-20,-5,0,-3,-3
1519294752571323,1,3,12,19,2,0,2,1
1519294752585151,-1,-5,-11,-12,0,0,1,-2
1519294752585151,-2,0,5,23,1,-3,-4,-2
1519294752593142,2,0,11,-16,-1,-1,0,-2
1519294752593142,-1,-5,14,17,0,0,0,0
1519294752608421,-2,-3,-23,-34,-5,-1,-1,-2
1519294752608421,0,-2,-4,8,0,-1,-2,1
1519294752609183,0,-3,-1,8,-3,1,-2,1
1519294752609183,-1,5,3,1,-3,-1,0,-1
1519294752623283,1,9,21,14,-3,-3,-1,-1
1519294752623283,1,3,-16,5,-1,-1,2,0
1519294752631475,0,0,-3,-3,0,-1,1,-1
1519294752631475,-14,2,1,-26,-5,-2,0,-6
1519294752645828,13,1,4,58,4,0,-2,4
1519294752645828,0,-6,-15,-20,3,2,-1,-1
1519294752660944,1,5,-2,-3,-4,-1,-2,0
1519294752660944,-1,-5,16,-24,-5,-2,-1,-1
1519294752667986,-5,6,-8,4,0,-2,-2,-4
1519294752667986,-2,-6,-6,25,1,1,-1,-1
1519294752676264,0,0,-1,-9,1,-1,-1,0
1519294752676264,1,0,-7,-17,-2,0,1,1
1519294752683279,-3,-2,28,27,-5,0,1,0
1519294752683279,0,-5,-12,-12,7,-1,-1,1
1519294752698069,-5,-3,-26,-26,5,2,-2,-2
1519294752698069,0,-3,-13,1,-6,-4,-2,-1
1519294752705088,-1,1,0,-18,-2,1,0,-1
1519294752705088,0,7,30,33,-7,-3,0,0
1519294752714112,-1,-8,10,16,-1,-2,-1,-1
1519294752714112,1,1,-22,-5,5,2,1,0
1519294752727460,-3,-4,-19,-1,-2,-1,0,-1
1519294752727460,-4,-4,24,0,-6,-3,-3,-3
1519294752736484,2,2,-11,-1,-2,-2,0,0
1519294752736484,1,0,9,14,-1,0,0,-2
1519294752750848,0,3,-3,-2,17,2,2,0
1519294752750848,3,10,-6,-7,-1,1,3,2
1519294752759549,-2,-24,-10,17,-6,-3,0,-2
1519294752759549,-3,2,19,4,-4,0,0,-1
1519294752765561,-4,-4,-17,-32,-5,0,0,-3
1519294752765561,0,-2,8,-21,16,-1,0,1
1519294752774823,1,6,9,39,-2,-4,-2,0
1519294752774823,4,20,100,13,-18,2,2,3
1519294752787721,-7,-28,-91,-50,13,4,0,-4
1519294752787721,-1,0,39,8,15,3,-1,-2
1519294752796644,2,7,3,-2,1,-1,0,1
1519294752796644,1,-5,-4,-7,2,-3,-2,1
1519294752802659,0,6,35,14,-14,-5,-2,-1
1519294752802659,0,1,-12,-10,-11,-1,-1,-2
1519294752811699,-2,-3,-16,23,3,2,-1,0
1519294752811699,1,-7,-36,-16,4,0,-2,1
1519294752825035,0,8,28,10,-2,2,3,1
1519294752825035,-6,-10,-20,4,3,-1,-5,-1
1519294752834044,0,2,11,-12,-8,-2,-4,2
1519294752834044,-2,-2,-12,12,-1,-2,18,-1
1519294752848424,-5,-5,6,-4,1,-5,-5,-4
1519294752848424,5,2,-5,17,-6,-4,-2,-2
1519294752856435,-8,0,3,-17,-2,-1,-7,-40
1519294752856435,2,0,-33,-23,8,6,0,40
1519294752871450,3,3,25,2,3,1,5,0
1519294752871450,-4,-7,-43,11,-13,-2,-1,-2
1519294752873456,1,5,17,14,-4,-2,-2,0
1519294752873456,-2,-9,-40,-37,-5,-4,-5,-17
1519294752885743,-1,7,15,-8,6,0,-2,-2
1519294752885743,1,-1,9,36,-1,-1,-1,3
1519294752894523,1,1,10,-31,3,0,1,1
1519294752894523,0,0,5,12,-4,-4,-3,-4
1519294752907826,1,4,0,1,-8,-1,-2,7
1519294752907826,-2,-2,5,-12,-4,1,2,-7
1519294752916851,0,-3,-6,13,6,-1,3,7
1519294752916851,-1,2,5,8,0,0,-4,-7
1519294752932200,-2,-3,-5,-5,-4,-4,-3,-3
1519294752932200,-3,-1,1,-11,1,-1,-2,-2
1519294752932894,-4,2,1,17,3,2,-1,-14
1519294752932894,-4,7,-22,-10,8,3,-10,-35
1519294752945927,18,-12,22,-13,-7,-2,18,93
1519294752945927,3,10,21,-13,-2,3,17,38
1519294752953970,-2,-11,58,23,-1,-2,0,9
1519294752953970,-10,-9,-70,30,4,-4,-7,-35
1519294752968423,-8,3,2,9,5,1,-11,-30
1519294752968423,21,3,-9,-40,-7,1,14,88
1519294752976619,-3,5,10,-10,-6,0,-1,-12
1519294752976619,0,-2,22,40,6,0,1,0
1519294752991514,-5,0,-13,-5,-3,-2,-6,-33
1519294752991514,-7,-7,-14,-13,2,0,-6,-28
1519294752993493,2,0,-29,-33,4,4,2,14
1519294752993493,-2,-4,22,11,-4,2,1,-16
1519294753005525,-2,4,-18,16,2,-3,-3,0
1519294753005525,-5,-2,4,6,3,-4,-10,-23
1519294753013557,-1,-4,-26,-23,2,-3,0,-6
1519294753013557,3,4,19,-16,-5,-2,0,17
1519294753027586,1,-3,1,0,-1,3,2,0
1519294753027586,-4,-2,14,-5,-13,-5,-5,-16
1519294753036607,0,-1,-44,2,10,1,2,-4
1519294753036607,3,13,20,-41,-8,-5,-2,19
1519294753051902,-1,3,41,43,19,0,1,-5
1519294753051902,-7,-15,-65,17,6,0,-5,-29
1519294753052913,2,3,5,14,-5,-2,0,13
1519294753052913,0,-10,-16,-37,-10,-2,1,7
1519294753065784,1,2,-2,4,-4,1,0,-14
1519294753065784,-2,4,26,-23,1,2,-1,-7
1519294753073976,0,3,22,39,-6,-2,0,7
1519294753073976,1,-3,-13,-17,0,1,0,7
1519294753088301,-2,0,-3,1,-6,-1,2,-10
1519294753088301,-1,-2,-5,13,5,-3,-10,-6
1519294753096321,1,0,-11,-23,-3,1,6,11
1519294753096321,-2,-3,15,1,2,-2,-5,-5
1519294753112144,-2,-5,-25,-11,-2,-1,4,-2
1519294753112144,-1,3,13,56,-3,-1,-3,-6
1519294753113114,0,0,11,-25,10,2,-1,-3
1519294753113114,2,1,-4,-17,1,3,2,4
1519294753125146,-2,3,2,21,-5,-1,-6,-3
1519294753125146,-4,-14,-34,-64,-22,-11,-4,-6
1519294753134202,-2,-7,-9,9,-7,0,-3,-3
1519294753134202,-1,-5,-24,32,27,6,5,5
1519294753147239,-1,0,-29,-57,-11,1,-1,0
1519294753147239,1,6,31,48,18,7,3,-3
1519294753156266,0,-4,-16,-6,-7,-5,0,2
1519294753156266,2,6,26,5,-4,-2,-2,1
1519294753171307,-1,1,17,-8,1,-1,-1,-4
1519294753171307,-2,1,-2,0,1,0,1,-2
1519294753173306,0,2,4,21,-1,-4,-2,1
1519294753173306,-5,-7,-10,-27,-7,-4,-6,-2
1519294753185351,1,-4,-5,-4,-1,-3,1,-3
1519294753185351,6,-4,2,-9,-3,1,5,5
1519294753194382,-16,9,18,31,5,1,-2,-4
1519294753194382,-4,-11,-10,2,-2,0,0,-1
1519294753207444,-2,-1,-16,13,1,-1,-6,-2
1519294753207444,1,4,19,-2,3,-1,-2,-2
1519294753216435,6,1,6,2,-2,-1,0,1
1519294753216435,1,-1,1,31,-8,-4,-2,0
1519294753230799,-1,-3,3,-43,-7,-1,2,-1
1519294753230799,-2,4,0,-20,5,1,0,0
1519294753239482,2,-1,-2,10,1,0,-3,1
1519294753239482,1,3,4,-7,-4,1,11,0
1519294753245772,-1,-3,7,23,2,-1,-16,-4
1519294753245772,-1,1,1,3,-5,-3,3,-3
1519294753254805,1,-4,-14,-28,-5,-2,0,-1
1519294753254805,2,0,0,3,-1,-3,-2,1
1519294753267559,-1,0,8,15,6,2,5,0
1519294753267559,-2,-1,7,16,-3,-1,-2,-3
1519294753282961,2,4,0,-21,-3,1,-1,1
1519294753282961,0,0,5,-6,6,2,0,1
1519294753291654,-2,-6,-12,-15,6,-4,-1,-2
1519294753291654,-3,1,9,30,2,-2,-3,-4
1519294753292889,2,-2,1,25,-2,-1,2,1
1519294753292889,0,1,-5,-45,-7,-3,-2,0
1519294753305182,-3,-2,2,27,-3,-3,-1,0
1519294753305182,0,0,-6,-29,1,1,2,0
1519294753313970,0,-1,8,30,-8,-2,-1,-1
1519294753313970,-1,-2,-3,-41,-5,-2,-5,-2
1519294753327112,2,0,-2,-21,-7,-1,1,0
1519294753327112,-1,-3,-6,11,5,3,2,0
1519294753336137,0,0,1,-22,-2,-4,-1,0
1519294753336137,-2,-1,-5,-5,-1,0,-3,-1
1519294753351638,1,0,2,15,0,0,2,0
1519294753351638,1,-1,-3,35,-2,2,-1,-1
1519294753353180,-1,-5,-13,-36,9,0,-1,-2
1519294753353180,0,5,19,44,-6,-4,-3,-1
1519294753365575,-2,0,7,-11,0,-3,-2,-1
1519294753365575,-1,-1,-5,-1,1,2,-2,0
1519294753374235,-1,-4,-7,20,4,2,0,2
1519294753374235,0,-3,-3,-24,-1,1,1,-2
1519294753387309,0,-1,-1,35,-4,-1,0,1
1519294753387309,-2,0,5,1,-3,-5,-5,-2
1519294753404581,0,0,-7,-52,-8,-2,-2,1
1519294753404581,0,-1,0,13,3,0,2,0
1519294753411680,-4,-1,6,31,-2,-2,1,-2
1519294753411680,0,-1,-4,-14,-1,0,0,0
1519294753412697,1,2,9,12,4,0,-4,-1
1519294753412697,-2,0,2,12,0,-3,-2,-1
1519294753434236,1,3,-6,-15,3,2,3,2
1519294753434236,2,8,25,22,-5,3,7,3
1519294753435989,-6,-20,11,-40,-6,-7,-2,-5
1519294753435989,-4,-8,-23,17,6,-4,-6,-5
1519294753448024,1,-1,1,-19,-2,0,0,-1
1519294753448024,4,11,20,-27,-4,0,0,3
1519294753456296,-1,-8,-7,69,-1,4,2,0
1519294753456296,0,1,19,105,33,8,-1,-1
1519294753472120,-1,1,-8,-106,-37,-13,-5,-1
1519294753472120,-5,-3,-33,70,5,2,-2,-4
1519294753473087,1,3,-7,16,-11,2,3,1
1519294753473087,-2,-4,-1,3,7,-2,0,1
1519294753485150,1,3,7,33,22,3,-2,-1
1519294753485150,-1,-3,-4,17,-7,-6,-6,-4
1519294753494151,-1,0,-26,-85,0,0,-1,1
1519294753494151,0,-1,15,-19,-38,-1,4,2
1519294753515578,1,4,17,-12,4,3,-1,-3
1519294753515578,-3,-8,-18,-5,16,-6,-3,-1
1519294753524224,-2,2,-12,26,5,0,-2,-4
1519294753524224,5,8,16,-27,-1,-1,0,12
1519294753531245,0,-4,-15,6,1,2,-1,-1
1519294753531245,-12,-4,11,-16,-11,0,1,-3
1519294753533247,9,4,5,-12,-33,-17,-4,-5
1519294753533247,1,0,6,-17,8,8,0,-3
1519294753545551,0,-1,-8,20,-2,13,5,2
1519294753545551,-2,-4,-1,-8,62,6,2,-1
1519294753554303,1,8,20,77,10,7,2,3
1519294753554303,-3,4,-37,-92,-38,-17,-4,-3
1519294753567342,-1,-1,1,71,4,5,1,0
1519294753567342,-2,-6,3,17,-7,1,-3,-2
1519294753576371,1,5,4,-5,-12,-4,0,1
1519294753576371,3,1,-12,39,10,0,2,0
1519294753591402,-6,-9,-5,-15,-3,-4,-2,-2
1519294753591402,3,1,-1,-28,-17,-4,-1,0
1519294753593417,-3,3,-1,-20,12,3,-2,-17
1519294753593417,-25,-3,9,27,-4,-2,-23,-107
1519294753605439,30,1,5,-24,-8,-5,13,98
1519294753605439,2,-4,-6,-13,-12,-1,13,2
1519294753614464,-9,0,8,0,8,0,6,-7
1519294753614464,19,-1,-14,-7,6,4,-1,-5
1519294753627516,-30,-1,12,4,-8,-5,-15,-54
1519294753627516,2,2,4,-2,-8,-3,-4,-1
1519294753636822,11,-5,-13,-20,2,2,1,8
1519294753636822,-11,1,0,4,2,-3,-7,3
1519294753651430,4,-3,7,15,10,2,3,-6
1519294753651430,-4,-4,-1,-3,-8,-2,0,-30
1519294753658281,4,3,-18,-14,3,-1,-3,44
1519294753658281,9,-2,6,3,-12,1,17,19
1519294753665449,3,-5,-2,12,10,1,-3,8
1519294753665449,-3,-2,-24,-15,-1,2,-8,-17
1519294753674530,-8,-6,14,-1,0,-3,-6,-21
1519294753674530,2,-2,-11,15,10,0,11,24
1519294753687863,-4,4,-7,-18,-15,-3,-6,-23
1519294753687863,-5,-4,0,-19,-9,-5,-25,-2
1519294753696679,1,1,7,38,8,6,26,12
1519294753696679,3,1,8,-32,-6,-3,3,27
1519294753710626,-5,-1,-5,5,1,-3,-14,-21
1519294753710626,5,0,-5,-6,-7,-2,2,9
1519294753717899,4,5,4,5,3,0,6,6
1519294753717899,-6,-8,-2,19,-1,2,2,-5
1519294753725782,-6,-10,-8,0,2,0,1,-7
1519294753725782,7,9,4,-10,1,-4,-13,11
1519294753733686,-5,2,5,0,-5,-5,-1,-10
1519294753733686,1,3,5,8,9,0,0,0
1519294753747989,-1,-8,-6,-2,3,1,-6,-3
1519294753747989,0,3,0,-5,-7,1,8,11
1519294753756748,-4,1,2,-11,-6,0,-5,-11
1519294753756748,10,-3,8,13,5,-2,-1,6
1519294753771025,-15,3,1,2,1,-2,2,7
1519294753771025,-27,-9,-23,-12,-6,-3,-9,-26
1519294753777804,-26,-10,0,-4,0,0,-4,6
1519294753777804,41,1,4,3,0,-2,-3,15
1519294753784854,0,7,8,4,0,-1,1,-2
1519294753784854,7,-6,-5,-5,4,4,5,1
1519294753793846,-2,-4,5,-9,3,1,-1,-8
1519294753793846,-25,-13,-28,-2,1,4,2,-7
1519294753808133,11,2,3,11,2,2,9,18
1519294753808133,8,3,11,5,0,0,-5,9
1519294753816908,6,5,13,-2,-1,-4,-14,-4
1519294753816908,-15,12,15,11,0,-2,3,-5
1519294753831092,12,-17,-16,-8,-2,-3,-3,-13
1519294753831092,1,6,23,4,-1,-2,-1,1
1519294753838234,3,-2,-1,9,-2,1,6,2
1519294753838234,-7,4,-44,-10,-4,-1,-4,-1
1519294753855075,-4,8,-3,1,-2,0,-3,-4
1519294753855075,3,1,-10,-1,-7,-2,6,5
1519294753860343,3,-1,20,-3,3,0,-4,-6
1519294753860343,10,-1,-13,3,0,0,-2,2
1519294753867708,-21,0,-5,-7,-5,-4,-1,-4
1519294753867708,2,0,-14,-9,2,-1,7,7
1519294753876348,2,0,-6,-3,-5,-6,-10,-6
1519294753876348,-3,-5,30,10,6,0,13,6
1519294753890386,6,-1,-4,4,5,-1,-14,-6
1519294753890386,3,11,15,4,-5,-1,7,2
1519294753897783,-2,-2,-11,1,2,2,-7,-4
1519294753897783,-2,-6,7,10,-1,-1,-6,1
1519294753914715,3,3,2,19,-1,1,7,-1
1519294753914715,-4,-5,17,-65,-7,1,6,0
1519294753915454,2,-3,-26,0,-3,-1,-3,-1
1519294753915454,-5,-1,19,9,4,0,-2,-2
1519294753927484,-1,-1,5,0,-4,-1,2,-14
1519294753927484,-1,-5,-6,43,5,2,-3,24
1519294753936509,1,-4,-35,-54,4,2,7,4
1519294753936509,7,15,14,9,-7,-2,-1,-2
1519294753950560,1,-5,7,-2,0,-1,2,2
1519294753950560,-24,-9,-27,5,-2,-3,-1,-20
1519294753957864,21,3,8,7,-4,-1,-6,6
1519294753957864,-6,2,-6,7,20,2,-3,1
1519294753973909,6,-1,-42,-5,1,3,3,-1
1519294753973909,0,-1,6,0,4,0,3,0
1519294753976172,-11,-1,10,2,-1,-3,-1,-7
1519294753976172,-3,-4,-13,-5,-30,-5,-5,0
1519294753987947,2,3,11,3,26,3,1,3
1519294753987947,3,1,-1,-10,-3,-2,-2,-2
1519294753996971,-1,5,7,4,11,0,0,-3
1519294753996971,2,-2,-3,-8,5,4,-2,1
1519294754010313,-3,0,-20,-29,-11,-7,-1,0
1519294754010313,6,-4,22,15,-3,-1,-2,4
1519294754017369,1,7,-24,-7,-5,0,0,-3
1519294754017369,-5,-10,-13,-1,-7,-5,-4,-1
1519294754034442,-1,7,1,7,-3,3,4,0
1519294754034442,6,-17,33,16,0,-1,0,-5
1519294754035381,-4,-2,13,8,-4,-1,1,-3
1519294754035381,-6,3,17,-13,15,2,-2,1
1519294754047441,1,0,-13,15,-3,-2,0,3
1519294754047441,3,1,-31,0,-5,0,-1,0
1519294754056465,-1,-2,12,20,-16,-2,1,0
1519294754056465,6,-4,14,-40,24,3,2,0
1519294754071051,-3,-5,5,-17,-25,-7,-4,-3
1519294754071051,1,7,3,8,5,-1,1,-1
1519294754077867,-2,-3,-25,10,7,3,0,-1
1519294754077867,1,4,42,8,-13,-2,-3,0
1519294754093868,1,-4,-10,-5,1,0,1,3
1519294754093868,3,6,15,13,-17,0,0,-1
1519294754095873,-1,-18,-19,-32,11,-1,-2,0
1519294754095873,1,15,-40,-3,7,4,2,0
1519294754108242,-1,-9,-28,-22,2,-2,-3,0
1519294754108242,-2,7,46,28,-4,-3,0,-3
1519294754116949,0,-6,-19,17,-11,-4,-2,-2
1519294754116949,-2,-2,-16,-10,-24,-3,-1,0
1519294754131222,2,5,2,24,9,1,1,1
1519294754131222,3,6,16,-34,3,0,0,1
1519294754138251,0,0,-46,-1,-5,0,0,0
1519294754138251,-2,-9,13,31,-1,-1,0,-2
1519294754162126,2,7,9,-16,11,3,1,1
1519294754162126,-3,-5,-47,-16,6,0,-2,-3
1519294754163052,-2,-12,47,15,8,0,1,0
1519294754163052,-3,-5,-6,-14,-16,-7,-2,-2
1519294754168083,-3,1,21,15,-8,-3,-3,-2
1519294754168083,-1,0,-26,-13,14,3,1,-1
1519294754176344,1,8,-5,-10,8,7,4,0
1519294754176344,3,2,14,20,11,0,0,0
1519294754191151,-2,-8,38,19,-7,-4,-2,-1
1519294754191151,-2,1,-42,-21,-7,-5,-4,-2
1519294754198290,0,14,9,15,8,-2,-1,-1
1519294754198290,-3,-14,-18,-27,-9,-5,-5,-3
1519294754214451,-6,8,9,-8,6,4,0,-24
1519294754214451,7,-6,1,1,-3,1,0,32
1519294754216338,-13,-4,-3,27,-3,-1,3,-10
1519294754216338,11,6,6,8,2,-2,1,13
1519294754227257,11,2,1,-40,-6,0,3,3
1519294754227257,-7,-7,6,5,0,-7,-4,-12
1519294754236557,4,-1,19,-34,-16,-3,-4,0
1519294754236557,-7,-6,-20,15,7,3,0,-9
1519294754250584,-3,1,0,40,2,3,3,5
1519294754250584,4,0,34,-6,-1,1,-1,-6
1519294754257857,-3,-1,-25,-20,-18,-6,-4,5
1519294754257857,-5,-1,10,-9,11,0,-6,-7
1519294754272644,2,1,-7,-2,2,-1,3,8
1519294754272644,-1,0,-1,23,2,4,0,1
1519294754281665,0,-10,19,-10,-5,1,7,-2
1519294754281665,-1,3,-13,4,-7,-4,-3,0
1519294754287684,-2,-4,-1,23,-2,-2,0,1
1519294754287684,-1,9,8,-26,-3,-1,-2,-5
1519294754302724,0,-9,14,-8,1,1,-1,-1
1519294754302724,1,7,3,-12,-1,0,1,0
1519294754310751,-3,-10,-34,-46,-6,-4,-3,1
1519294754310751,0,-1,-2,39,0,-2,3,-4
1519294754317764,4,1,5,13,7,1,-2,3
1519294754317764,-3,0,5,5,5,3,3,2
1519294754333936,0,0,15,5,-9,-3,-1,0
1519294754333936,-1,-1,-16,-38,1,0,2,-2
1519294754335845,0,1,-7,-9,9,-1,-4,-1
1519294754335845,-4,-1,15,22,-4,-1,-1,-4
1519294754348119,-1,-4,-2,-12,-1,1,0,2
1519294754348119,-2,-6,-22,18,-3,1,1,-1
1519294754364003,-1,5,20,-18,7,0,-2,0
1519294754364003,1,1,-6,-17,-9,0,2,-1
1519294754370935,0,1,11,-3,-2,-2,-1,1
1519294754370935,-1,1,-30,16,3,-2,0,-2
1519294754377946,0,-1,16,0,0,-2,-2,-1
1519294754377946,-3,-11,-11,37,-2,0,0,-1
1519294754393015,-1,1,-2,-1,2,3,0,0
1519294754393015,0,-7,-32,-87,-12,-1,0,-2
1519294754402044,-3,9,22,93,12,-6,-4,-3
1519294754402044,1,1,7,-5,4,4,0,0
1519294754407025,0,1,8,18,-6,0,0,1
1519294754407025,2,6,19,6,-7,0,2,2
1519294754416052,-3,-2,-18,-18,-29,-4,-3,-2
1519294754416052,1,3,25,-20,43,7,1,3
1519294754430284,-1,-5,-28,15,2,0,-1,-1
1519294754430284,-4,-12,-21,-1,-8,-4,-3,-3
1519294754437522,1,2,-7,9,-3,0,1,1
1519294754437522,-2,1,22,-7,-13,-3,-1,0
1519294754454348,0,3,6,-19,6,3,1,1
1519294754454348,2,3,15,17,4,1,-1,-1
1519294754455353,0,0,5,0,-2,-2,-1,1
1519294754455353,-2,-1,-10,2,-4,0,1,-1
1519294754467827,0,11,4,10,1,-1,-1,-1
1519294754467827,-1,-15,-1,30,0,-1,-2,-1
1519294754476854,0,-5,-14,-41,4,0,-1,0
1519294754476854,-1,4,5,-29,-5,-3,-2,-2
1519294754490894,0,-5,-28,-11,-9,-2,0,0
1519294754490894,0,7,34,25,19,4,3,1
1519294754497913,-2,-3,-7,-22,-3,0,1,0
1519294754497913,-1,-2,-5,-15,9,0,-1,0
1519294754514174,-1,5,20,15,-16,-9,-4,-1
1519294754514174,-2,-2,-18,19,19,4,-1,-2
1519294754516179,2,0,-13,14,-2,3,2,1
1519294754516179,0,2,-14,-58,-9,-4,1,1
1519294754528211,0,-4,-6,1,3,0,-3,-2
1519294754528211,-2,0,-3,-12,-8,-2,1,0
1519294754536338,0,1,9,27,2,0,0,-1
1519294754536338,-1,-4,-10,8,-10,-2,0,-2
1519294754551276,-2,-2,12,-2,3,0,-1,0
1519294754551276,0,2,4,0,-8,-2,-1,0
1519294754557500,-1,2,-7,-5,5,1,1,-1
1519294754557500,-1,-3,-17,13,-3,-2,-1,-1
1519294754573333,-4,-1,-16,-36,-1,-1,-2,-1
1519294754573333,-3,-8,9,13,-1,-1,0,-1
1519294754580353,0,5,8,21,-6,-5,-4,-2
1519294754580353,-3,-6,-11,20,-14,-2,-2,-3
1519294754596391,0,2,19,-16,13,4,-1,-14
1519294754596391,4,3,-9,32,0,2,7,28
1519294754598398,-1,0,3,-26,11,3,1,7
1519294754598398,0,-2,2,-2,-23,-8,-4,0
1519294754610430,-2,0,0,0,-2,-4,-2,-2
1519294754610430,-2,-3,44,11,9,0,-2,-11
1519294754617500,-1,-1,1,9,-20,-2,-1,-4
1519294754617500,0,-1,-7,18,19,6,1,1
1519294754633491,1,-8,-7,25,19,3,2,3
1519294754633491,-1,5,2,0,-10,-3,-3,-5
1519294754640843,-2,-6,4,-34,-2,-4,-2,0
1519294754640843,2,7,-2,-27,-15,-2,-1,-1
1519294754648069,-1,-3,-3,-7,-5,-2,1,2
1519294754648069,-1,1,2,2,2,0,0,-1
1519294754656848,-1,2,5,16,4,0,0,-3
1519294754656848,-1,-4,-14,2,5,2,1,1
1519294754670885,-2,-5,15,24,-6,-3,-2,1
1519294754670885,-1,1,-11,-10,-5,-3,-1,0
1519294754677903,1,-2,-4,-15,5,3,3,0
1519294754677903,-2,1,0,50,2,0,-1,-3
1519294754693179,-1,-7,-41,-64,-3,-1,0,2
1519294754693179,1,6,37,-42,-4,0,-1,-3
1519294754699962,-3,0,12,31,6,-4,-2,-4
1519294754699962,-1,-1,2,7,-13,-4,-1,0
1519294754707987,1,1,-13,-1,10,4,1,0
1519294754707987,0,-1,-16,-15,-3,1,-1,-2
1519294754716005,1,-5,-15,-1,0,5,1,1
1519294754716005,0,2,22,-27,1,-3,0,-1
1519294754731308,1,3,14,27,-14,-3,-1,0
1519294754731308,-3,-4,-6,30,5,-1,-5,-4
1519294754738281,-2,-2,-7,-39,1,1,0,1
1519294754738281,-1,-1,3,29,0,0,-1,0
1519294754753355,-3,-1,6,-14,0,-1,-2,-1
1519294754753355,1,0,-5,11,0,-1,1,-2
1519294754762278,1,0,-10,7,0,-1,-1,1
1519294754762278,-2,-5,-7,-10,-5,-4,-1,-2
1519294754776498,0,1,8,-2,0,-1,-1,1
1519294754776498,-1,0,-14,13,-3,-2,2,1
1519294754778426,-1,-5,12,-7,0,-1,0,-1
1519294754778426,-1,-1,-12,4,5,-1,-2,-1
1519294754791921,-1,-1,15,-5,0,0,-1,1
1519294754791921,0,0,-12,-46,-5,-1,-1,-1
1519294754798009,-3,1,-1,42,-4,-4,-4,-4
1519294754798009,-1,-1,-3,21,-8,0,2,1
1519294754812798,-2,2,-4,-1,4,1,2,0
1519294754812798,-1,-5,-5,3,4,-1,-2,-1
1519294754821821,1,2,-7,-8,17,3,2,-1
1519294754821821,-1,2,8,-29,0,0,-3,-2
1519294754837104,-1,-4,-9,25,-5,-1,-1,1
1519294754837104,-1,2,1,1,3,1,-1,-1
1519294754837863,1,0,-7,-2,-15,-4,1,1
1519294754837863,0,-1,5,-24,9,0,-1,0
1519294754850898,0,3,4,-14,-13,-3,-2,-2
1519294754850898,-1,-5,1,23,9,3,-1,-2
1519294754865181,-2,-1,-1,-3,2,-1,0,-1
1519294754865181,0,-2,-10,-10,-2,-1,4,3
1519294754873959,-1,-1,1,5,0,-1,-3,0
1519294754873959,-1,-1,2,1,-6,0,4,0
1519294754880230,-1,-3,-1,4,8,-3,-4,-4
1519294754880230,1,0,5,-14,4,2,-2,-2
1519294754897218,0,0,-6,-9,-8,-4,1,-2
1519294754897218,2,2,-7,0,-4,-1,3,4
1519294754898226,-3,-5,-3,-13,-8,-1,-11,-4
1519294754898226,-2,-2,-8,-13,5,1,-2,-1
1519294754910255,0,-1,6,35,16,1,-3,-1
1519294754910255,-2,4,3,-54,-7,-2,-1,-2
1519294754917503,1,-4,-8,4,-7,-2,8,1
1519294754917503,-1,-3,1,20,-1,2,6,0
1519294754933375,0,2,-6,-30,1,1,5,-1
1519294754933375,-2,2,-17,32,-3,-3,-14,-7
1519294754940586,-1,-1,2,-33,-4,2,4,2
1519294754940586,-1,-1,10,13,4,1,-9,-2
1519294754956394,-3,-2,-12,10,-3,-3,0,-3
1519294754956394,-1,-3,8,25,2,0,4,2
1519294754958641,2,6,-1,-16,0,-1,-4,0
1519294754958641,-2,-2,-15,-18,-3,-4,-4,-2
1519294754970968,1,-1,3,-4,2,1,2,1
1519294754970968,0,-4,3,-16,0,-1,-3,-2
1519294754977737,-1,1,-17,-12,-8,-4,-2,0
1519294754977737,-1,-1,22,43,5,-2,2,1
1519294754993189,-1,1,-9,6,-13,-4,-5,-2
1519294754993189,-1,1,1,-50,11,-1,-2,-1
1519294755000160,0,-1,2,9,7,0,4,0
1519294755000160,-1,-2,-7,-5,0,1,0,0
1519294755016204,2,3,3,15,-3,2,0,2
1519294755016204,-2,-6,3,17,-3,-2,3,1
1519294755018207,-1,5,10,-16,-8,-3,-3,1
1519294755018207,-1,-5,-4,-6,-9,-4,-3,-6
1519294755031245,-1,-4,6,7,0,-2,1,0
1519294755031245,0,-4,-9,4,5,2,4,6
1519294755037511,0,5,15,34,8,4,0,0
1519294755037511,0,2,-7,-18,-3,-2,-2,0
1519294755053798,-3,-4,2,-40,-1,-2,1,-3
1519294755053798,-1,7,10,18,-1,-2,-4,-2
1519294755060513,0,-9,-28,-9,0,1,-1,0
1519294755060513,0,5,11,31,-9,-2,3,-1
1519294755076902,2,-1,-16,-35,2,0,-1,2
1519294755076902,-1,1,28,-18,5,-1,0,-2
1519294755078904,-2,-3,21,13,-8,1,-2,-1
1519294755078904,3,1,-16,-9,-1,-3,0,-1
1519294755091073,-2,-3,4,13,11,-1,-3,-2
1519294755091073,1,0,-2,12,-8,-2,-6,-1
1519294755098214,-1,2,16,18,3,-1,5,-2
1519294755098214,0,-2,-8,-34,-12,-3,-2,-1
1519294755113259,2,1,-5,0,-5,0,3,4
1519294755113259,-3,-1,1,-4,-1,-2,-3,-4
1519294755120266,2,4,6,19,0,0,-3,1
1519294755120266,-1,-2,-16,34,15,2,0,0
1519294755136059,-3,0,24,-34,-9,-4,-3,-3
1519294755136059,0,0,-35,11,-1,3,0,-3
1519294755138062,1,1,46,10,0,-2,0,-1
1519294755138062,-3,-4,-28,6,-3,-2,0,-1
1519294755151099,-2,2,1,-1,11,3,-3,-1
1519294755151099,0,-3,0,-1,-4,0,7,1
1519294755157116,1,3,-5,-15,-2,0,-5,1
1519294755157116,-3,1,15,7,7,2,-2,-3
1519294755173157,-1,-4,-6,6,-4,0,2,2
1519294755173157,3,0,-7,-9,-4,1,1,0
1519294755180176,-3,-3,-8,22,7,-2,0,-3
1519294755180176,2,-3,13,-19,-3,1,-3,0
1519294755196346,-3,1,-12,13,-1,-2,-2,-3
1519294755196346,2,4,4,-9,-13,0,3,4
1519294755198221,-3,-5,-12,-6,8,-2,0,-3
1519294755198221,0,0,10,28,-5,-2,-2,1
1519294755210254,2,3,0,22,-1,1,0,1
1519294755210254,-3,-4,-15,-45,14,3,0,-3
1519294755217275,-1,-14,-41,13,-4,-3,-3,-2
1519294755217275,1,5,41,-26,0,0,2,0
1519294755233314,0,-4,-17,31,-4,-1,1,-1
1519294755233314,-1,2,9,-43,-9,-5,-4,-1
1519294755240336,-2,-1,-14,-17,3,-2,-9,-2
1519294755240336,-2,-4,-17,11,9,4,8,-1
1519294755256695,-1,1,2,-10,-5,1,0,1
1519294755256695,-3,-3,14,24,-1,-2,-1,2
1519294755258383,1,7,3,-12,-5,2,3,2
1519294755258383,0,-7,-7,4,-3,-2,-4,-1
1519294755270418,-3,0,33,17,5,-2,-5,-4
1519294755270418,-1,-3,-20,2,-3,0,0,-2
1519294755279439,0,-1,5,-8,0,-1,7,0
1519294755279439,1,5,1,19,3,2,0,2
1519294755293475,0,-2,-1,-13,2,0,-2,0
1519294755293475,-1,-5,-18,-5,-5,-3,-5,-2
1519294755300494,0,1,6,-30,-5,-1,-2,-1
1519294755300494,-1,0,-3,8,2,0,2,-1
1519294755316540,1,0,1,2,-3,-1,1,0
1519294755316540,0,0,-4,0,-10,-3,-2,-3
1519294755318543,0,2,17,2,12,2,3,-1
1519294755318543,1,1,-8,13,3,-1,-3,0
1519294755330576,1,1,7,6,-7,-3,-3,1
1519294755330576,-2,-4,0,6,5,6,4,3
1519294755338852,1,2,-2,20,9,2,1,2
1519294755338852,-2,-4,9,-2,-6,-3,-3,-2
1519294755352892,-1,2,-5,-17,3,-3,-1,-4
1519294755352892,0,1,8,21,-7,-2,-1,-1
1519294755359907,0,0,10,11,1,3,1,1
1519294755359907,-1,-2,-27,-14,0,-2,-10,-3
1519294755375954,1,1,-3,-13,0,3,7,0
1519294755375954,-1,0,10,-2,-7,-3,-2,0
1519294755377955,-2,-3,-17,-7,-7,-6,-2,-1
1519294755377955,1,1,14,7,6,2,2,2
1519294755389987,-2,-2,-7,-5,6,0,0,-1
1519294755389987,0,1,4,5,6,-3,-2,-2
1519294755399021,1,1,-3,8,-2,-1,-2,-2
1519294755399021,0,3,1,2,-6,-2,3,2
1519294755413052,-1,-4,-2,-19,-5,-1,-2,-1
1519294755413052,-3,-6,-2,-15,1,-3,0,0
1519294755420069,-1,0,0,3,-3,0,0,-2
1519294755420069,1,4,6,-8,5,-1,0,0
1519294755437113,-1,-13,-8,23,-5,0,-1,-1
1519294755437113,1,4,7,3,-3,-2,-1,-2
1519294755438116,3,0,-2,-10,17,3,0,2
1519294755438116,-2,-2,-4,2,-8,1,1,-3
1519294755450150,0,4,8,-8,3,2,1,0
1519294755450150,-1,1,-2,12,-16,-2,-2,-1
1519294755466194,-1,-7,-5,15,-11,-3,-1,-1
1519294755466194,-3,-3,-10,-41,14,-1,-2,-3
1519294755473212,1,2,-3,16,-2,-2,-1,0
1519294755473212,2,0,-4,-13,7,0,1,2
1519294755480230,-2,2,-3,3,-13,-3,-2,-1
1519294755480230,-1,-4,5,2,-3,-3,-1,-2
1519294755496631,0,2,-8,-4,-3,1,-1,0
1519294755496631,-1,0,12,9,7,0,-2,-3
1519294755502315,0,-3,-7,-14,0,1,0,-1
1519294755502315,0,2,6,3,-5,-2,-7,-1
1519294755510364,-2,1,-6,9,0,0,5,0
1519294755510364,-2,-4,2,-20,2,0,-1,0
1519294755519334,-2,-1,-5,-13,-13,-4,-4,-2
1519294755519334,-1,0,4,-10,13,4,1,1
1519294755533372,-1,1,3,16,0,-1,-4,-1
1519294755533372,2,1,-2,8,-6,1,0,0
1519294755540419,1,-3,4,6,18,3,8,4
1519294755540419,-1,1,-6,0,-7,-3,-7,-4
1519294755555459,1,-3,3,-3,-1,0,0,1
1519294755555459,-1,-1,-5,1,2,0,1,-1
1519294755562473,-1,2,11,-4,-10,-4,-4,-1
1519294755562473,2,-3,-15,2,-9,-1,6,1
1519294755570494,-1,1,9,-11,2,0,-2,0
1519294755570494,-2,-3,-8,6,3,1,-1,-3
1519294755579558,0,0,-2,18,5,1,-2,-1
1519294755579558,0,0,-6,-19,-1,-1,2,-1
1519294755593591,-1,-1,-3,-14,-27,-4,-3,-1
1519294755593591,-2,-2,-1,23,35,6,1,0
1519294755600613,1,6,1,-23,-1,-2,0,0
1519294755600613,0,-6,3,17,-3,0,2,0
1519294755615812,-1,-4,8,8,-8,-1,-1,-1
1519294755615812,0,3,-3,-5,4,-2,-1,-1
1519294755622831,0,2,11,13,1,0,-1,-1
1519294755622831,0,-11,-13,-38,-5,-2,-2,1
1519294755629853,-1,1,-1,-10,0,-2,-4,-3
1519294755629853,0,1,6,19,-7,0,0,3
1519294755638878,-1,-1,-5,-17,-2,0,-2,-1
1519294755638878,-2,2,2,9,-4,-2,0,-2
1519294755654091,1,1,0,-13,5,2,2,1
1519294755654091,0,2,0,-13,0,-1,-4,-3
1519294755659940,-2,-7,-12,11,0,-2,4,0
1519294755659940,-1,4,1,3,-2,-1,-8,-2
1519294755676226,-2,-2,-2,6,8,1,-1,-1
1519294755676226,0,2,0,-12,-12,-3,1,1
1519294755707383,-1,-6,1,-4,-5,-1,-1,0
1519294755707383,-3,-2,-4,38,17,-1,0,-3
1519294755708123,-2,-3,-22,-50,4,0,-2,0
1519294755708123,-1,-1,1,-5,-6,-2,-1,0
1519294755710129,-1,-1,-4,-13,-13,1,0,-2
1519294755710129,0,2,8,14,4,1,2,0
1519294755713139,0,-1,0,10,6,-2,0,-2
1519294755713139,0,3,-1,2,-8,-1,1,1
1519294755720158,-1,-9,-5,6,-6,-2,-1,-2
1519294755720158,-3,1,2,-12,0,0,2,0
1519294755735198,-1,4,14,18,-1,0,-1,-2
1519294755735198,-1,-1,0,-11,1,1,-7,-1
1519294755744221,0,2,-6,13,5,1,6,4
1519294755744221,0,-1,17,-13,-4,-1,-1,-1
1519294755759573,-3,-7,-11,-4,-2,0,-2,-1
1519294755759573,0,-2,6,18,1,0,3,-2
1519294755760278,0,0,-25,-29,-1,-3,-6,-3
1519294755760278,1,0,-7,0,-4,1,7,4
1519294755773296,-1,0,4,24,6,0,-9,-2
1519294755773296,0,0,4,-27,-4,-4,-3,-1
1519294755780318,-2,-4,0,20,2,0,-2,0
1519294755780318,1,3,-3,-23,-4,1,1,2
1519294755795357,0,0,-6,3,1,0,3,0
1519294755795357,-2,-3,-2,20,2,-2,-1,-2
1519294755802374,-1,2,4,-26,3,0,-3,0
1519294755802374,1,3,9,26,-3,2,0,2
1519294755818417,0,0,0,4,-19,-3,0,-1
1519294755818417,-2,-2,-8,-4,14,-2,-3,-3
1519294755819423,0,0,10,2,-1,0,1,-1
1519294755819423,-1,-1,-18,-3,2,-1,-4,-2
1519294755842997,-2,-4,-1,-5,-1,-3,-1,-2
1519294755842997,0,0,-2,6,-8,1,3,1
1519294755842997,2,2,5,6,-19,-5,-2,-1
1519294755842997,-3,1,3,-24,-3,-5,-6,-3
1519294755855266,2,1,-6,22,15,4,2,3
1519294755855266,-1,-1,-1,21,-2,0,-2,-1
1519294755863170,-3,1,6,-11,12,0,4,-1
1519294755863170,1,1,1,10,-19,-2,-3,-2
1519294755878111,-1,2,1,-1,9,1,6,1
1519294755878111,-1,-1,-5,-7,-1,0,-4,2
1519294755879113,1,3,-1,9,-3,-1,-3,-2
1519294755879113,-2,-3,3,6,2,-1,0,-2
1519294755902174,-1,0,0,-3,-1,-2,-4,-2
1519294755902174,-1,-1,-5,-16,4,3,3,-1
1519294755903177,1,5,7,-10,-7,-1,1,2
1519294755903177,-2,-11,-8,-8,-17,-3,-1,1
1519294755915437,0,1,5,12,18,0,-1,-2
1519294755915437,2,-3,-5,10,-2,-3,0,0
1519294755923261,0,3,-4,-5,3,1,-1,-2
1519294755923261,-1,0,4,-3,9,5,-1,0
1519294755938746,-2,2,-1,-8,-16,-4,-1,2
1519294755938746,-1,-4,7,14,-6,2,2,-1
1519294755939706,-2,-7,-1,-1,11,-2,-4,-3
1519294755939706,-1,1,-9,-7,-8,-3,2,-1
1519294755953575,1,3,-24,-8,-2,1,2,0
1519294755953575,0,4,20,-14,3,1,1,1
1519294755959592,-4,-5,-8,21,-6,-3,-4,-3
1519294755959592,1,1,1,-30,5,-3,0,-2
1519294755983659,-1,4,3,7,-6,-4,-11,-5
1519294755983659,-1,-9,-4,18,-15,-3,6,2
1519294755983659,0,1,-8,-42,15,4,4,1
1519294755983659,0,1,6,1,1,0,-1,-1
1519294755998916,0,-2,2,-10,-2,0,0,1
1519294755998916,-2,-1,-11,-5,-5,-3,-7,-5
1519294755998916,-1,-1,9,12,-1,-2,-3,-3
1519294755998916,0,0,-6,16,4,0,9,1
1519294756013732,-2,-2,7,-6,-13,-3,-10,-1
1519294756013732,1,0,-8,-9,3,0,0,1
1519294756019749,1,-1,5,-3,10,2,2,3
1519294756019749,-2,1,-2,13,5,-1,-3,-3
1519294756034788,-1,-4,-4,-7,-5,0,5,1
1519294756034788,0,2,-3,25,4,-2,0,-1
1519294756042815,-1,4,-2,-20,-7,-2,-1,0
1519294756042815,-1,-7,2,29,-16,-3,-1,0
1519294756059859,1,-3,1,-24,10,-3,0,-2
1519294756059859,-4,0,-2,-5,-11,-2,-1,1
1519294756060857,-1,4,2,17,6,0,-3,-2
1519294756060857,1,-5,-2,13,9,3,0,1
1519294756074011,0,1,2,3,-7,1,1,-1
1519294756074011,0,-1,-6,-22,-4,-5,-3,-3
1519294756079912,1,-1,7,7,-7,1,0,0
1519294756079912,-1,-1,3,-2,0,-2,-4,-1
1519294756095224,0,0,-7,6,3,3,2,1
1519294756095224,-1,-1,-4,-26,-1,1,0,0
1519294756103281,-1,1,1,32,8,-2,-1,0
1519294756103281,0,-1,-3,-57,7,2,-5,-1
1519294756118289,-2,-2,9,-8,-5,-1,-2,-1
1519294756118289,1,-2,-12,-4,0,0,4,-1
1519294756119288,-1,-3,-2,6,-9,1,0,-1
1519294756119288,0,4,5,19,-5,1,-3,-1
1519294756140363,0,-4,-1,-7,12,0,-1,-1
1519294756140363,-3,-6,6,-5,-2,-4,-5,-1
1519294756141356,-1,-3,-2,3,7,-1,0,-2
1519294756141356,-2,5,-2,1,-2,0,2,-1
1519294756154678,1,1,8,0,-3,-1,0,-1
1519294756154678,0,0,-9,26,10,1,2,0
1519294756162928,-1,0,0,-11,-12,-3,1,0
1519294756162928,1,0,4,-11,1,0,1,0
1519294756178943,1,-2,2,35,9,0,3,0
1519294756178943,-1,0,5,-16,-4,-1,-2,-2
1519294756178943,2,-2,-6,-17,-6,0,2,2
1519294756178943,0,1,-8,1,0,-3,-8,-4
1519294756193860,-2,-2,-1,4,-4,-1,1,-1
1519294756193860,1,1,-4,-5,4,-1,-2,0
1519294756200107,-1,-1,0,8,-5,-2,-1,-2
1519294756200107,-4,-3,5,3,8,-2,0,-1
1519294756215148,-1,-1,-7,-11,-2,-1,3,-1
1519294756215148,-2,3,6,17,-3,-2,3,-1
1519294756222949,0,-3,-1,14,11,4,-1,-1
1519294756222949,-1,-2,-9,-28,-15,-3,-1,-2
1519294756238990,0,1,1,-3,0,2,-3,1
1519294756238990,1,2,3,7,-8,-2,-2,-1
1519294756238990,-1,-2,-5,-7,-1,-1,-1,-2
1519294756238990,-1,0,0,5,5,-2,-2,-1
1519294756254012,-2,-1,1,4,-7,-1,2,1
1519294756254012,1,-1,2,2,3,0,-1,-2
1519294756260016,0,-1,-6,-5,-5,-2,-3,0
1519294756260016,-2,1,3,-2,2,3,2,-1
1519294756275297,-1,3,-2,-5,7,0,1,-1
1519294756275297,-4,-2,0,-2,-3,-2,-3,-4
1519294756282146,1,-1,0,-1,-4,-1,-1,3
1519294756282146,1,0,-3,-11,-12,-1,3,2
1519294756298500,-1,-2,-1,8,6,0,-1,0
1519294756298500,-1,1,-5,-16,17,3,-3,-1
1519294756299243,-2,-6,-4,-2,-3,-2,-3,-4
1519294756299243,1,1,5,0,-5,0,0,2
1519294756314283,-2,-1,-5,9,-6,-1,0,-2
1519294756314283,0,2,2,-6,0,2,1,-1
1519294756320302,0,1,2,-4,0,2,2,1
1519294756320302,1,-3,-9,19,-5,-2,-2,-2
1519294756335747,-2,2,15,-23,5,-4,-6,-3
1519294756335747,-1,-4,-1,5,5,2,0,1
1519294756342726,-1,0,-8,-7,-7,-2,-1,-3
1519294756342726,-1,1,-1,21,-1,1,1,0
1519294756358404,0,-1,-5,-21,-3,-1,-1,0
1519294756358404,-2,0,2,-3,-4,-4,0,1
1519294756359636,-1,-2,-1,8,-14,-4,-2,-1
1519294756359636,0,-1,5,-35,11,1,1,0
1519294756374443,0,-2,-7,10,23,6,2,1
1519294756374443,-3,-4,-9,0,-4,-3,-3,-4
1519294756380462,2,2,0,12,-3,1,-1,1
1519294756380462,2,1,5,4,0,-2,-4,0
1519294756395502,-1,-2,-1,-1,-10,-2,8,0
1519294756395502,0,-2,0,-1,-2,1,0,0
1519294756402519,-2,-2,-3,-3,-2,-2,-1,0
1519294756402519,0,0,-1,0,-6,0,-2,0
1519294756418654,-1,-1,-1,8,11,0,-5,-2
1519294756418654,1,2,1,-10,-4,-2,-1,0
1519294756419601,0,1,7,-9,1,0,-2,-2
1519294756419601,-2,-3,-4,-1,-4,-3,-1,-4
1519294756433600,1,0,1,7,-9,1,-1,1
1519294756433600,0,0,1,-5,-4,3,-2,1
1519294756439617,-2,-1,0,3,2,-1,1,-2
1519294756439617,0,-1,1,7,4,1,3,2
1519294756455671,0,-3,5,-5,-15,-3,-3,-1
1519294756455671,-2,-2,-17,13,17,2,0,-1
1519294756462681,-2,-2,-13,-17,-5,-2,-1,0
1519294756462681,-2,0,2,10,5,1,2,-1
1519294756477718,-1,0,-2,0,-3,-3,-1,-1
1519294756477718,-1,-1,5,-22,-10,-2,-3,-2
1519294756484739,0,0,4,21,12,3,0,0
1519294756484739,0,-1,-7,-16,4,1,2,0
1519294756500780,-1,-1,-2,8,3,-1,-2,-2
1519294756500780,0,2,9,7,-3,1,3,-1
1519294756501782,-1,0,-4,-41,4,0,-2,-1
1519294756501782,-1,-3,-5,-7,-7,-5,-2,-2
1519294756514820,-1,-1,-3,9,-6,1,-1,0
1519294756514820,0,-2,-3,0,2,0,1,2
1519294756522841,3,-1,6,20,0,2,1,-1
1519294756522841,-2,0,1,9,-8,-3,-3,-2
1519294756537881,0,0,13,21,14,1,-4,-1
1519294756537881,0,-1,-16,-5,-6,-4,6,1
1519294756545911,-2,-4,0,-9,1,-1,-1,-1
1519294756545911,-1,-1,-3,15,0,2,0,1
1519294756553936,1,0,-7,-10,-7,-1,2,0
1519294756553936,-1,0,11,35,3,-1,-8,-3
1519294756559938,-1,1,-3,-34,-4,-1,2,1
1519294756559938,-2,0,4,-19,-1,-3,2,0
1519294756575252,0,1,7,11,-4,0,-1,-1
1519294756575252,0,-2,-10,-32,-3,-2,-4,-2
1519294756582035,1,0,8,31,6,0,0,0
1519294756582035,-2,-1,2,2,2,1,-1,0
1519294756598082,-2,-1,-10,-37,-7,-3,-1,0
1519294756598082,0,1,4,15,4,1,1,0
1519294756605132,1,0,2,19,3,-2,-1,0
1519294756605132,0,1,4,-11,8,3,-1,1
1519294756621143,-2,-1,-7,4,-4,-3,-1,-2
1519294756621143,0,-1,1,-1,-2,0,1,-1
1519294756622181,0,-1,3,-3,-18,-2,0,-2
1519294756622181,0,-1,-5,27,18,0,-1,-1
1519294756635177,-1,-3,-9,-43,-2,1,0,-2
1519294756635177,0,-1,7,-9,-2,1,1,0
1519294756642196,-3,-1,5,9,-4,-3,-4,-2
1519294756642196,0,-1,-12,5,-9,0,-1,-1
1519294756657236,-1,-1,2,16,-1,1,0,1
1519294756657236,-1,-6,-26,-2,-1,-2,-2,-2
1519294756673277,-2,-1,-1,-17,3,-2,-1,0
1519294756673277,0,-1,3,20,-13,-3,0,-2
1519294756680817,0,2,-5,-37,6,4,1,-1
1519294756680817,-1,0,17,0,4,0,-1,-1
1519294756688903,-1,-3,-7,29,3,-1,-2,-1
1519294756688903,0,1,11,20,5,-1,10,0
1519294756695867,-1,-2,-5,-13,-6,-2,-4,-1
1519294756695867,2,3,-5,1,-3,1,1,2
1519294756702639,0,1,12,-11,-3,-2,-3,-2
1519294756702639,-1,-2,-3,-3,1,1,-2,-2
1519294756717933,0,1,9,4,0,-1,3,-1
1519294756717933,-2,0,-4,7,4,-1,-3,-3
1519294756733728,1,2,1,5,-2,-2,-1,0
1519294756733728,-1,-9,-15,-33,-7,-2,-3,0
1519294756740744,-1,-1,4,36,-4,-1,0,-1
1519294756740744,-1,-3,-17,-55,-2,-1,0,-1
1519294756741750,-3,1,7,7,-2,0,-2,-2
1519294756741750,1,6,-1,-1,1,0,1,1
1519294756755891,0,-3,-7,-6,1,2,5,-1
1519294756755891,-1,0,25,44,2,-2,-4,0
1519294756763412,0,1,-15,-60,-3,1,0,0
1519294756763412,-1,-1,7,13,-3,-1,1,1
1519294756777298,-2,-2,0,-18,-4,-3,-2,1
1519294756777298,0,6,-11,51,6,1,2,1
1519294756785575,-1,-7,9,-2,4,0,-2,-2
1519294756785575,2,2,12,-8,-1,0,-2,0
1519294756801433,-2,-1,-3,16,-5,-3,-1,-1
1519294756801433,1,3,6,13,-2,0,2,1
1519294756801433,-1,-5,-21,-45,2,1,-2,0
1519294756801433,-3,-1,-2,-3,-7,-1,-1,-2
1519294756814584,1,0,10,3,-3,3,1,-1
1519294756814584,-2,0,18,14,3,-3,-3,-3
1519294756822952,-1,-2,-4,24,0,-2,-1,-2
1519294756822952,1,1,8,7,4,2,-1,0
1519294756837910,-1,0,-19,-18,-2,0,-3,0
1519294756837910,-1,-2,7,29,-6,-1,-1,-1
1519294756845668,1,-2,-6,-38,-3,1,3,1
1519294756845668,-3,-3,2,9,6,-5,-8,-5
1519294756860706,1,2,1,11,1,0,-2,1
1519294756860706,-2,-4,-1,0,-4,-2,-1,-1
1519294756861718,1,-1,-18,-12,-15,-1,1,0
1519294756861718,2,-1,6,-16,4,1,2,1
1519294756875746,-3,-1,11,1,14,-1,-4,-1
1519294756875746,0,-5,-17,-35,-12,-3,0,1
1519294756890910,-1,1,13,29,13,4,1,-1
1519294756890910,0,2,-6,41,-7,1,1,1
1519294756897837,-2,-7,-6,-32,-20,-7,-3,-3
1519294756897837,1,0,-3,-29,15,2,1,0
1519294756905064,-1,3,1,11,1,-1,0,1
1519294756905064,-2,-4,-9,8,-1,-1,-2,-3
1519294756921130,1,1,-8,-22,-4,2,3,1
1519294756921130,-2,-1,5,0,2,0,0,-1
1519294756922129,-2,-2,-10,18,2,-4,-2,-1
1519294756922129,-1,5,11,8,0,0,0,0
1519294756935907,0,0,-4,-18,0,-3,-1,-1
1519294756935907,0,-2,-1,-7,4,1,1,-1
1519294756942924,0,1,-5,8,-1,0,-1,0
1519294756942924,1,1,6,-11,-7,-3,-1,-1
1519294756958127,1,-3,-5,25,-2,0,0,1
1519294756958127,-3,-2,0,-6,-4,-3,-4,-3
1519294756965239,1,0,4,-9,3,1,1,1
1519294756965239,0,-1,0,-16,-5,1,-1,1
1519294756981413,-3,-3,4,25,5,-5,-4,-3
1519294756981413,0,0,-6,-16,-4,-3,1,0
1519294756981413,-2,1,8,4,1,2,1,0
1519294756981413,-1,-2,-5,-8,-5,-1,0,0
1519294756995302,0,3,3,9,8,1,0,1
1519294756995302,1,0,-15,-4,-2,1,0,-2
1519294757002541,1,2,26,47,-2,-1,1,1
1519294757002541,-3,-7,-18,-19,1,-2,-1,0
1519294757017423,0,-2,1,13,-6,1,-1,-1
1519294757017423,1,2,10,5,-2,-1,-3,0
1519294757025547,-2,1,-8,-34,-5,-1,-3,-1
1519294757025547,-2,-2,0,25,3,-3,-2,-1
1519294757040808,1,0,1,20,15,3,1,0
1519294757040808,0,0,-5,-41,-6,2,1,-1
1519294757048517,-2,-4,0,29,0,-3,-1,-2
1519294757048517,0,1,5,-13,-1,-3,-2,-1
1519294757054747,1,2,-3,-8,-4,-1,1,1
1519294757054747,0,-2,6,11,-3,-2,-1,-1
1519294757062584,2,0,-13,-1,2,4,2,0
1519294757062584,-1,-7,-17,-32,4,-1,-1,-1
1519294757077599,-2,2,9,27,-1,-1,-1,-3
1519294757077599,0,-1,-1,-45,-8,-2,1,1
1519294757085692,-2,0,-1,6,-3,-3,0,-1
1519294757085692,1,2,2,-2,-1,0,1,0
1519294757100655,-2,-1,-4,24,8,1,-1,-2
1519294757100655,-2,-4,-2,-30,-1,-3,-2,2
1519294757101657,0,-3,-9,-19,-6,-1,0,-1
1519294757101657,-2,1,1,14,1,1,-2,-3
1519294757115694,-3,-1,7,-48,-16,-2,1,0
1519294757115694,0,2,-2,17,21,2,1,0
1519294757122844,0,-1,4,-15,0,-2,-3,-1
1519294757122844,1,0,-3,14,-5,2,1,0
1519294757137984,-1,-2,-12,7,-4,-2,-2,-3
1519294757137984,-3,-1,-2,19,-6,-1,0,-2
1519294757144773,-1,-1,1,3,-1,0,0,0
1519294757144773,-2,-1,-1,-8,1,-3,-2,-1
1519294757160815,2,2,8,-13,-2,0,-1,1
1519294757160815,-1,-1,-3,17,-4,0,-2,-1
1519294757161818,1,0,-2,1,2,0,-3,-1
1519294757161818,0,3,6,-6,2,1,0,2
1519294757175898,-3,-2,-6,-2,1,-1,1,-2
1519294757175898,2,0,8,22,-10,-1,0,-2
1519294757183188,-1,-1,-3,24,5,-1,-3,-1
1519294757183188,0,-1,8,-22,10,1,-1,-1
1519294757198144,-1,0,-3,-4,0,-2,-2,-1
1519294757198144,-1,-3,-13,-1,-3,-1,-2,-1
1519294757205171,0,2,12,8,-9,-2,-1,0
1519294757205171,-2,-3,-6,-29,3,-1,-2,-1
1519294757221189,0,0,1,23,5,3,-2,1
1519294757221189,0,0,0,-11,-3,0,1,1
1519294757222087,-2,-3,-5,-11,3,-1,-2,-1
1519294757222087,2,0,0,8,0,2,3,1
1519294757235015,1,0,2,7,-4,0,2,1
1519294757235015,-1,-1,-3,-18,-3,0,0,-3
1519294757242033,-3,-4,-2,-10,3,-3,-1,-3
1519294757242033,-1,-1,-1,26,0,-1,-2,-1
1519294757258076,-1,0,2,-7,2,1,1,0
1519294757258076,0,1,4,31,-4,-1,1,1
1519294757265092,2,0,-5,-11,-3,0,2,0
1519294757265092,-1,3,2,-21,-5,-2,-1,-1
1519294757281383,-1,1,-4,29,-2,-4,-2,-1
1519294757281383,-2,0,4,-4,22,2,-1,1
1519294757281383,0,-2,1,43,-5,1,0,-2
1519294757281383,-1,-5,-7,-51,-7,-4,-2,0
1519294757295174,0,2,1,-5,-5,0,0,1
1519294757295174,-2,2,3,9,-3,0,-1,-2
1519294757303401,-1,1,-8,-7,-7,1,0,0
1519294757303401,-2,-1,10,18,2,-2,-1,-3
1519294757318309,-1,-1,-5,-12,1,-1,-1,-1
1519294757318309,-2,-6,-7,-8,-2,-2,0,0
1519294757325467,-2,-1,-3,16,-1,-3,-1,-2
1519294757325467,1,2,-3,15,-2,2,1,2
1519294757340542,0,-2,-3,-22,0,0,0,0
1519294757340542,-2,-3,1,26,-3,-4,-2,-1
1519294757348576,0,1,-3,-28,0,0,-1,-1
1519294757348576,-3,0,3,14,2,-2,-3,-2
1519294757355585,-1,-3,0,18,2,0,-1,-1
1519294757355585,1,2,6,-19,-4,-2,-1,0
1519294757362367,0,0,11,19,5,1,0,0
1519294757362367,1,1,-14,-5,-3,0,2,0
1519294757377393,-3,-5,-11,-9,-10,-6,-3,-1
1519294757377393,1,2,11,7,-1,2,1,1
1519294757385901,-1,4,-3,4,3,-1,-1,1
1519294757385901,-2,-8,-6,16,1,-4,-2,-2
1519294757400071,0,4,2,-57,1,4,3,2
1519294757400071,-1,-3,-4,40,0,-3,-3,-3
1519294757409052,-1,-6,-6,-5,0,-3,-2,0
1519294757409052,-1,3,-3,-30,0,2,-1,-1
1519294757415073,-1,-2,-6,9,1,-2,-1,-1
1519294757415073,1,2,1,-25,0,1,1,1
1519294757423102,-2,0,5,-6,-2,-1,1,-2
1519294757423102,0,1,7,24,-8,0,2,3
1519294757437825,1,-3,-10,-14,7,-1,0,-2
1519294757437825,-1,0,-7,8,5,0,-1,-2
1519294757444824,0,-3,-4,-21,-3,0,0,0
1519294757444824,0,0,3,17,-2,-2,-1,-1
1519294757459865,0,-3,-2,2,-6,-1,-2,-1
1519294757459865,-3,0,4,4,0,0,0,2
1519294757467885,-2,1,4,17,2,-1,-2,-2
1519294757467885,-1,-2,1,10,0,2,1,0
1519294757474904,-3,3,-4,-70,1,-1,-4,-2
1519294757474904,-1,-9,-3,33,-1,-1,-1,1
1519294757482958,3,2,8,-24,0,2,2,1
1519294757482958,-1,2,-2,31,-2,1,0,0
1519294757498294,-1,-1,5,10,-3,-4,-1,-1
1519294757498294,2,0,-12,-43,-4,-1,1,-1
1519294757505987,-28,7,10,31,6,0,-4,-6
1519294757505987,10,-11,6,-25,-6,0,3,5
1519294757520043,-3,-3,-34,5,2,-5,-1,1
1519294757520043,0,1,5,-10,-3,-2,-2,-1
1519294757528049,2,-3,-11,-28,-4,0,0,-2
1519294757528049,-14,-3,-10,13,10,2,-1,-6
1519294757535111,-9,3,17,14,-6,4,3,1
1519294757535111,23,2,3,-10,-4,-5,-3,-1
1519294757542083,44,12,-7,-2,2,4,5,11
1519294757542083,-38,-7,-6,-34,1,-4,-3,-6
1519294757558328,31,5,28,-49,1,3,2,2
1519294757558328,2,-3,-3,101,-5,-4,3,2
1519294757565144,-9,7,-10,-5,-1,-3,-5,1
1519294757565144,-16,-24,-12,-36,-1,-6,-10,-14
1519294757580639,31,-4,-4,78,16,8,6,7
1519294757580639,-5,7,17,-33,6,0,-3,-3
1519294757588712,-14,-3,1,-28,-21,-6,-1,-9
1519294757588712,-19,8,16,74,15,3,2,2
1519294757603439,9,3,22,74,-18,-3,-3,-2
1519294757603439,-6,-8,-30,-34,4,0,-5,-1
1519294757610453,12,6,-14,-46,1,1,1,2
1519294757610453,54,8,-27,-15,-2,-1,-1,7
1519294757625497,-23,-10,-7,9,11,-3,-10,-15
1519294757625497,67,-3,10,-33,-15,-1,12,18
1519294757632516,-11,-4,12,53,10,6,5,17
1519294757632516,2,5,-9,-50,1,0,0,-5
1519294757641536,-7,3,-19,-93,-15,-5,-3,5
1519294757641536,-16,-15,5,15,-13,-7,-8,-8
1519294757648555,11,-8,0,-46,-1,-4,-5,-6
1519294757648555,6,6,10,44,7,5,5,4
1519294757663598,-24,-2,-5,37,6,0,-2,-5
1519294757663598,-24,8,9,-27,0,3,2,-4
1519294757663598,10,-4,5,25,-2,-2,0,-3
1519294757663598,-7,3,-12,-49,-24,-6,-12,-2
1519294757677640,-3,-9,1,10,-2,-2,12,-2
1519294757677640,1,4,-2,8,1,1,-17,-2
1519294757685653,46,-2,5,38,7,1,18,4
1519294757685653,-20,-2,7,8,-4,0,25,0
1519294757699693,9,6,-2,-27,-20,-3,-6,1
1519294757699693,-13,1,1,-5,12,3,4,0
1519294757707716,-4,-7,-14,12,9,1,-15,-5
1519294757707716,26,-1,2,-12,-2,1,-8,2
1519294757731779,-2,2,6,10,-5,-3,2,0
1519294757731779,-17,2,-14,5,-8,-2,0,-4
1519294757731779,-22,-4,15,-12,1,-2,-7,-8
1519294757731779,17,0,1,12,18,2,1,4
1519294757737931,-11,7,19,35,2,1,1,1
1519294757737931,0,-4,-12,-70,-9,-2,-5,-4
1519294757744948,-12,-4,-10,21,-12,-1,1,3
1519294757744948,-1,-1,16,13,-1,1,3,-1
1519294757759985,6,0,-3,-14,4,-1,-5,0
1519294757759985,-6,3,10,15,11,4,3,-4
1519294757768009,-1,-6,-5,-5,0,1,1,0
1519294757768009,-4,18,4,-1,-3,-3,-7,-4
1519294757783050,-6,-29,-14,6,-5,0,-3,-2
1519294757783050,13,10,4,3,-3,0,4,4
1519294757784049,3,-8,-1,4,4,0,3,2
1519294757784049,-1,-3,-1,-31,-9,-5,-6,-4
1519294757797087,-6,4,-19,-22,5,0,-1,-2
1519294757797087,-3,-1,-16,32,7,1,2,1
1519294757805108,-5,0,4,-3,-7,-2,-2,0
1519294757805108,2,-4,1,13,-4,-1,6,1
1519294757820147,-4,10,12,1,6,1,-2,-2
1519294757820147,-18,-11,-6,-16,0,-2,2,1
1519294757828166,-12,-1,-4,10,-3,3,9,-6
1519294757828166,4,6,13,-21,-4,-4,-6,0
1519294757843207,-4,-1,-1,8,8,0,1,3
1519294757843207,-2,1,2,18,0,1,-4,0
1519294757844211,6,-2,-9,-81,-10,-4,-5,0
1519294757844211,-6,-2,1,35,1,1,2,0
1519294757858345,24,4,4,3,6,-1,-5,-1
1519294757858345,-8,-15,-4,8,1,-1,-1,0
1519294757865265,-13,16,9,-1,0,2,-2,-3
1519294757865265,3,0,-15,7,-11,-2,-5,-2
1519294757880540,-4,6,10,8,8,0,2,2
1519294757880540,-6,-17,-2,-41,-7,-3,1,-2
1519294757888327,1,1,2,11,20,2,-1,-3
1519294757888327,1,-3,6,2,-8,-3,-4,0
1519294757903602,5,2,8,36,-3,1,0,1
1519294757903602,4,5,4,-10,-4,0,3,-2
1519294757904369,-6,-5,-7,-9,-30,-6,-6,0
1519294757904369,2,-5,-18,10,35,4,0,-1
1519294757917403,-2,-4,11,-27,-1,4,3,1
1519294757917403,1,2,2,21,-5,-1,-1,-2
1519294757925789,-2,18,-6,-38,5,-3,-3,-3
1519294757925789,0,-11,8,3,-9,-2,-2,-1
1519294757940823,-5,-12,-13,6,0,-4,-7,0
1519294757940823,-2,10,7,14,-6,-1,8,-2
1519294757948799,2,-10,7,29,3,0,-2,-2
1519294757948799,3,14,-38,-43,-9,-2,0,2
1519294757963839,-5,-2,42,-4,-2,-3,-4,-2
1519294757963839,4,1,-4,-5,5,3,-4,-2
1519294757963839,-2,2,-4,13,0,0,2,2
1519294757963839,1,-11,18,23,2,2,3,-1
1519294757977875,-30,0,-34,-5,-9,-2,-6,-2
1519294757977875,14,1,7,5,6,-4,-6,-8
1519294757984895,4,-4,3,-28,-1,0,2,2
1519294757984895,-19,-6,-4,7,-4,2,-4,-4
1519294757999932,17,2,-4,9,-2,-1,-1,1
1519294757999932,-8,7,-2,34,3,2,18,4
1519294758008189,1,-4,-2,-20,-12,-5,-9,-4
1519294758008189,6,1,11,-25,2,-2,11,9
1519294758022996,-7,1,-1,6,9,-1,-12,-12
1519294758022996,-4,-4,1,-8,-1,-1,-3,1
1519294758023996,1,-5,-4,10,-1,0,-5,-1
1519294758023996,3,12,-1,5,-13,-2,-3,0
1519294758038033,1,-5,-4,-14,-2,0,5,-1
1519294758038033,5,-1,3,1,2,-3,-5,1
1519294758045089,-5,-6,-14,32,2,3,7,2
1519294758045089,0,6,1,-25,7,1,-4,-1
1519294758069119,3,-1,-1,0,-12,-4,-1,-1
1519294758069119,1,1,-8,-13,1,1,-2,1
1519294758070122,-4,1,8,4,-3,-2,-2,-2
1519294758070122,-1,6,-7,28,-2,-2,-11,-7
1519294758083395,4,-4,-3,-15,1,0,6,2
1519294758083395,-9,1,-6,-9,-6,-2,-19,-3
1519294758084156,-3,-7,-2,-8,1,-4,24,1
1519294758084156,3,-19,8,15,0,1,-3,5
1519294758097191,8,14,-8,-6,-1,0,12,3
1519294758097191,-8,-5,-6,0,-3,0,-7,-1
1519294758105215,-8,7,8,37,9,-1,-11,-4
1519294758105215,20,-14,-16,-44,4,-2,6,0
1519294758122322,-5,-1,11,5,-3,-2,-6,1
1519294758122322,10,2,8,11,-2,-2,1,0
1519294758128280,-7,-7,-29,-69,-10,0,-1,-1
1519294758128280,-10,-1,14,10,-2,-1,2,-3
1519294758143314,2,3,4,6,5,1,-1,2
1519294758143314,2,0,9,30,8,0,1,-1
1519294758144316,-3,-4,-21,19,1,-1,-4,1
1519294758144316,-6,2,19,41,-2,-1,1,-1
1519294758157354,6,-6,-2,-57,7,0,0,2
1519294758157354,-5,0,5,52,-8,-2,1,-1
1519294758165376,10,0,5,-37,0,0,-3,1
1519294758165376,-20,5,0,5,-6,-2,-3,-2
1519294758180440,1,-9,-18,-20,-4,3,7,4
1519294758180440,-3,9,-3,-7,-1,-2,2,0
1519294758188455,2,-19,9,15,4,-1,-12,-5
1519294758188455,14,4,3,6,6,0,2,-1
1519294758203496,13,6,-3,8,-3,-1,2,0
1519294758203496,15,9,-3,-35,-1,0,5,5
1519294758204502,6,7,2,29,-1,1,0,3
1519294758204502,-15,-4,6,-9,-5,-2,-6,-3
1519294758217619,-11,-1,-10,31,0,0,-2,-2
1519294758217619,2,-3,-16,-58,-5,0,6,0
1519294758225799,-2,5,19,29,4,-1,-11,-5
1519294758225799,3,-6,-16,-32,-2,1,1,1
1519294758240766,5,7,3,11,-8,-1,-12,1
1519294758240766,-20,-10,1,15,5,-2,5,-6
1519294758247954,-10,0,7,6,0,0,4,-1
1519294758247954,14,5,-8,-20,-3,1,-1,3
1519294758262995,-3,-4,10,24,-5,-1,-3,-3
1519294758262995,5,2,-9,-13,1,1,-5,3
1519294758264748,-10,2,2,-1,3,3,-7,-6
1519294758264748,2,-11,-13,31,-4,-2,4,-2
1519294758277782,-4,14,7,-47,4,0,12,1
1519294758277782,-7,-20,-3,11,-2,-1,-6,1
1519294758284802,24,11,-5,-19,-4,-1,0,4
1519294758284802,-1,2,4,20,4,1,-3,-4
1519294758300084,7,3,-27,-21,0,-3,-1,-2
1519294758300084,-7,-22,-1,-5,1,2,-1,-2
1519294758308980,6,-12,-5,0,-3,-1,4,2
1519294758308980,-4,1,-1,-17,1,-1,-5,-5
1519294758324085,5,-5,2,13,-2,1,4,2
1519294758324085,-3,5,6,4,0,-1,-4,-3
1519294758324085,-8,-8,2,1,-1,-2,0,-1
1519294758324085,-4,0,-13,23,3,1,2,0
1519294758338285,-6,-7,5,-44,-3,-2,2,-3
1519294758338285,-8,5,-2,15,-4,-4,-6,-4
1519294758345262,-2,-3,1,41,22,3,3,2
1519294758345262,12,14,15,-89,-27,-3,2,6
1519294758360002,-10,-2,16,84,-4,-1,-7,-8
1519294758360002,1,2,-7,-19,-10,-1,3,-1
1519294758368025,7,4,-5,15,4,0,-2,2
1519294758368025,-10,-8,-8,73,22,3,8,-1
1519294758383373,-2,-3,0,-110,-23,-5,-5,-4
1519294758383373,3,0,9,36,1,0,0,-1
1519294758398816,-6,2,1,43,31,4,2,0
1519294758398816,1,1,7,11,-31,-7,-10,-2
1519294758400492,-14,-2,3,-6,-6,-1,1,-1
1519294758400492,11,3,-13,-21,5,2,14,4
1519294758405849,-4,0,-1,-50,-24,-5,-11,-1
1519294758405849,-3,-2,-5,14,32,0,-1,-1
